index,paper_run_id,event_time_utc,entered_at_utc,settled_at_utc,market_start_utc,market_slug,selected_outcome,entry_price,stake_usd,size_shares,settlement_value_usd,pnl_usd,cumulative_pnl_usd
1,ded4f483-0303-4fd3-85df-8665db833fcb,2026-07-04 15:19:05,2026-07-04 15:09:37,2026-07-04 15:19:05,2026-07-04 15:10:00,eth-updown-5m-1783177800,Down,0.56945985,6.0093,10.55263158,10.55263158,4.54333158,4.54333158
2,265633c6-c1f8-4304-9aba-a3e556034d84,2026-07-05 01:29:51,2026-07-05 01:19:38,2026-07-05 01:29:51,2026-07-05 01:20:00,eth-updown-5m-1783214400,Up,0.54782122,6.00929997,10.96945455,10.96945455,4.96015458,9.50348616
3,40456e6b-8b00-43f3-9dc5-d6f6db7f6d46,2026-07-05 01:34:55,2026-07-05 01:24:38,2026-07-05 01:34:55,2026-07-05 01:25:00,eth-updown-5m-1783214700,Up,0.56,6.0093,10.73089286,10.73089286,4.72159286,14.22507902
4,8430ac99-8fb3-4cb7-86ef-f9d1cf90bce6,2026-07-05 01:44:39,2026-07-05 01:34:37,2026-07-05 01:44:39,2026-07-05 01:35:00,eth-updown-5m-1783215300,Up,0.54546152,6.00929998,11.01690909,11.01690909,5.00760911,19.23268813
5,d86fff3c-b541-4a31-9a73-2089c7ffb2b7,2026-07-05 01:49:59,2026-07-05 01:39:37,2026-07-05 01:49:59,2026-07-05 01:40:00,eth-updown-5m-1783215600,Up,0.54546152,6.00929998,11.01690909,11.01690909,5.00760911,24.24029724
6,5f875de2-0d61-4841-aa0c-e767ca4572e0,2026-07-05 01:51:37,2026-07-05 01:44:36,2026-07-05 01:51:37,2026-07-05 01:45:00,eth-updown-5m-1783215900,Up,0.53,6.0093,11.33830189,0,-6.0093,18.23099724
7,ce833173-1726-4bdb-af57-74e0edb6e933,2026-07-05 02:00:17,2026-07-05 01:49:37,2026-07-05 02:00:17,2026-07-05 01:50:00,eth-updown-5m-1783216200,Up,0.52697459,6.00930005,11.40339623,11.40339623,5.39409618,23.62509342
8,21463f4e-de0b-4c5d-a9e4-3bed644ffbab,2026-07-05 02:02:13,2026-07-05 01:54:36,2026-07-05 02:02:13,2026-07-05 01:55:00,eth-updown-5m-1783216500,Up,0.52,6.0093,11.55634615,11.55634615,5.54704615,29.17213957
9,cc6ec48e-5d40-4c5c-9d9a-d55e310e873d,2026-07-05 02:08:06,2026-07-05 01:59:38,2026-07-05 02:08:06,2026-07-05 02:00:00,eth-updown-5m-1783216800,Up,0.5,6.0093,12.0186,0,-6.0093,23.16283957
10,6adb21ed-972c-4cc1-a82a-38de3ad5fdb4,2026-07-05 02:13:58,2026-07-05 02:04:37,2026-07-05 02:13:58,2026-07-05 02:05:00,eth-updown-5m-1783217100,Up,0.52,6.0093,11.55634615,0,-6.0093,17.15353957
11,49bbdb2d-053d-4a46-9dd5-b89cfe642aeb,2026-07-05 02:20:18,2026-07-05 02:09:37,2026-07-05 02:20:18,2026-07-05 02:10:00,eth-updown-5m-1783217400,Up,0.53813734,6.00929995,11.16685185,0,-6.00929995,11.14423962
12,d8e5d2d1-abec-4217-ac8a-86bb66992cff,2026-07-05 02:25:03,2026-07-05 02:14:37,2026-07-05 02:25:03,2026-07-05 02:15:00,eth-updown-5m-1783217700,Up,0.56,6.0093,10.73089286,10.73089286,4.72159286,15.86583248
13,4f8cd1a9-9a33-4bfb-8ae1-8a4a7a6fbc1b,2026-07-05 02:28:45,2026-07-05 02:19:37,2026-07-05 02:28:45,2026-07-05 02:20:00,eth-updown-5m-1783218000,Up,0.53083952,6.00929997,11.32037037,0,-6.00929997,9.85653251
14,5b8711fc-41cd-4b99-bf9b-b943d7e8b0bc,2026-07-05 02:32:57,2026-07-05 02:24:36,2026-07-05 02:32:57,2026-07-05 02:25:00,eth-updown-5m-1783218300,Up,0.52562656,6.00930003,11.43264151,11.43264151,5.42334148,15.27987399
15,14d045ec-5f35-4e91-8f2e-76b99999d8d0,2026-07-05 02:39:09,2026-07-05 02:29:37,2026-07-05 02:39:09,2026-07-05 02:30:00,eth-updown-5m-1783218600,Up,0.52,6.0093,11.55634615,11.55634615,5.54704615,20.82692014
16,ded76ca0-65db-481f-827e-5dbf2f32979b,2026-07-05 02:45:34,2026-07-05 02:34:37,2026-07-05 02:45:34,2026-07-05 02:35:00,eth-updown-5m-1783218900,Up,0.51,6.0093,11.78294118,0,-6.0093,14.81762014
17,89fa3b44-0f7e-423c-8f24-010486c3f47d,2026-07-05 02:47:29,2026-07-05 02:39:36,2026-07-05 02:47:29,2026-07-05 02:40:00,eth-updown-5m-1783219200,Up,0.5,6.0093,12.0186,0,-6.0093,8.80832014
18,711386ca-a7e7-451d-8b3f-95fa8a484f76,2026-07-05 02:54:17,2026-07-05 02:44:37,2026-07-05 02:54:17,2026-07-05 02:45:00,eth-updown-5m-1783219500,Up,0.53,6.0093,11.33830189,11.33830189,5.32900189,14.13732203
19,ef319dda-9c02-4220-84c7-bc9686633095,2026-07-05 02:57:49,2026-07-05 02:49:37,2026-07-05 02:57:49,2026-07-05 02:50:00,eth-updown-5m-1783219800,Up,0.54,6.0093,11.12833333,11.12833333,5.11903333,19.25635536
20,0e64cfad-ad2c-473a-af8a-af905d9512e5,2026-07-05 03:03:08,2026-07-05 02:54:36,2026-07-05 03:03:08,2026-07-05 02:55:00,eth-updown-5m-1783220100,Up,0.53,6.0093,11.33830189,11.33830189,5.32900189,24.58535725
21,d13e5b51-d22d-4698-9e5f-bfabecd1376c,2026-07-05 03:09:43,2026-07-05 02:59:37,2026-07-05 03:09:43,2026-07-05 03:00:00,eth-updown-5m-1783220400,Up,0.52,6.0093,11.55634615,11.55634615,5.54704615,30.1324034
22,adf11936-52c5-49e2-8702-db60530bbd90,2026-07-05 03:12:20,2026-07-05 03:04:37,2026-07-05 03:12:20,2026-07-05 03:05:00,eth-updown-5m-1783220700,Up,0.51,6.0093,11.78294118,11.78294118,5.77364118,35.90604458
23,98e3d686-e6ef-4287-9f28-2adc2e08382b,2026-07-05 03:20:22,2026-07-05 03:09:38,2026-07-05 03:20:22,2026-07-05 03:10:00,eth-updown-5m-1783221000,Up,0.49,6.0093,12.26387755,12.26387755,6.25457755,42.16062213
24,7e3e34f8-4762-44af-9d8c-104cde8e1341,2026-07-05 03:22:12,2026-07-05 03:14:37,2026-07-05 03:22:12,2026-07-05 03:15:00,eth-updown-5m-1783221300,Up,0.5,6.0093,12.0186,0,-6.0093,36.15132213
25,1d9d52d9-bcbf-413c-84d2-bdcf2c2683cc,2026-07-05 03:30:19,2026-07-05 03:19:35,2026-07-05 03:30:19,2026-07-05 03:20:00,eth-updown-5m-1783221600,Up,0.5,6.0093,12.0186,0,-6.0093,30.14202213
26,54f2f823-20a4-4827-9173-aab216e90d95,2026-07-05 03:35:24,2026-07-05 03:24:37,2026-07-05 03:35:24,2026-07-05 03:25:00,eth-updown-5m-1783221900,Up,0.53,6.0093,11.33830189,0,-6.0093,24.13272213
27,0e4ac649-d9cf-4b72-90e7-70f751db90b4,2026-07-05 03:40:29,2026-07-05 03:29:30,2026-07-05 03:40:29,2026-07-05 03:30:00,eth-updown-5m-1783222200,Up,0.55,6.0093,10.926,10.926,4.9167,29.04942213
28,1f8fc545-d7a6-427e-aeef-0a6d00de8f84,2026-07-05 03:45:27,2026-07-05 03:34:35,2026-07-05 03:45:27,2026-07-05 03:35:00,eth-updown-5m-1783222500,Up,0.54,6.0093,11.12833333,11.12833333,5.11903333,34.16845546
29,ce132fdd-c8e0-485b-a7d2-93fa0bd9f2bd,2026-07-05 03:47:18,2026-07-05 03:39:38,2026-07-05 03:47:18,2026-07-05 03:40:00,eth-updown-5m-1783222800,Up,0.49,6.0093,12.26387755,0,-6.0093,28.15915546
30,e5c15924-688b-4b97-84dd-dc4721262efd,2026-07-05 03:55:22,2026-07-05 03:44:30,2026-07-05 03:55:22,2026-07-05 03:45:00,eth-updown-5m-1783223100,Up,0.51,6.0093,11.78294118,11.78294118,5.77364118,33.93279664
31,cab277cf-1bbb-40cf-b242-3f15ab14a5bb,2026-07-05 04:00:30,2026-07-05 03:49:37,2026-07-05 04:00:30,2026-07-05 03:50:00,eth-updown-5m-1783223400,Up,0.51,6.0093,11.78294118,0,-6.0093,27.92349664
32,340abcc9-183e-473d-9104-cc5583332b4f,2026-07-05 04:05:38,2026-07-05 03:54:36,2026-07-05 04:05:38,2026-07-05 03:55:00,eth-updown-5m-1783223700,Up,0.51,6.0093,11.78294118,0,-6.0093,21.91419664
33,9cba7014-6e3a-4688-8eaf-267138fd9ca1,2026-07-05 04:10:11,2026-07-05 03:59:36,2026-07-05 04:10:11,2026-07-05 04:00:00,eth-updown-5m-1783224000,Up,0.51,6.0093,11.78294118,11.78294118,5.77364118,27.68783782
34,c1f46481-db6e-47e0-9817-63b60657f421,2026-07-05 04:15:39,2026-07-05 04:04:37,2026-07-05 04:15:39,2026-07-05 04:05:00,eth-updown-5m-1783224300,Up,0.51,6.0093,11.78294118,11.78294118,5.77364118,33.461479
35,8c22e239-9e68-4aac-9713-1aace9c4eb89,2026-07-05 04:20:22,2026-07-05 04:09:36,2026-07-05 04:20:22,2026-07-05 04:10:00,eth-updown-5m-1783224600,Up,0.46,6.0093,13.06369565,13.06369565,7.05439565,40.51587465
36,f07ef2e6-5cb1-433c-97db-48bac021f8ad,2026-07-05 09:55:33,2026-07-05 09:44:37,2026-07-05 09:55:33,2026-07-05 09:45:00,eth-updown-5m-1783244700,Up,0.56992413,6.00930003,10.54403509,10.54403509,4.53473506,45.05060971
37,a2914937-11af-44d0-a046-747c9a14699f,2026-07-05 10:00:07,2026-07-05 09:49:34,2026-07-05 10:00:07,2026-07-05 09:50:00,eth-updown-5m-1783245000,Up,0.54934181,6.0093,10.93909091,10.93909091,4.92979091,49.98040062
38,91667dc5-c8d8-4e55-945c-0cc942eff934,2026-07-05 10:05:22,2026-07-05 09:54:33,2026-07-05 10:05:22,2026-07-05 09:55:00,eth-updown-5m-1783245300,Up,0.52562656,6.00930003,11.43264151,11.43264151,5.42334148,55.4037421
39,643d311a-d6cd-428e-97cf-fb30ff278a0f,2026-07-06 09:33:11,2026-07-06 09:24:34,2026-07-06 09:33:11,2026-07-06 09:25:00,eth-updown-5m-1783329900,Up,0.55,6.0093,10.926,0,-6.0093,49.3944421
40,a943737d-1e93-4699-a69a-64990afcc7ab,2026-07-06 09:39:54,2026-07-06 09:29:36,2026-07-06 09:39:54,2026-07-06 09:30:00,eth-updown-5m-1783330200,Up,0.55,6.0093,10.926,0,-6.0093,43.3851421
41,40b7983f-03f8-4093-90eb-2ea6dfefb686,2026-07-06 09:44:43,2026-07-06 09:34:37,2026-07-06 09:44:43,2026-07-06 09:35:00,eth-updown-5m-1783330500,Up,0.56,6.0093,10.73089286,0,-6.0093,37.3758421
42,7df9030e-7a33-46a2-ba4b-bfe6f173e249,2026-07-06 09:49:53,2026-07-06 09:39:35,2026-07-06 09:49:53,2026-07-06 09:40:00,eth-updown-5m-1783330800,Up,0.55,6.0093,10.926,10.926,4.9167,42.2925421
43,7fcef653-3a72-4b7a-a4c0-82e137dd84c0,2026-07-06 09:54:44,2026-07-06 09:44:38,2026-07-06 09:54:44,2026-07-06 09:45:00,eth-updown-5m-1783331100,Up,0.55,6.0093,10.926,0,-6.0093,36.2832421
44,e8e35d9f-cb56-47e7-8be3-eff021a08e50,2026-07-06 10:00:16,2026-07-06 09:49:37,2026-07-06 10:00:16,2026-07-06 09:50:00,eth-updown-5m-1783331400,Up,0.54044886,6.00930001,11.11909091,11.11909091,5.1097909,41.393033
45,fba7746f-9c60-4a6d-8178-d6b105899299,2026-07-06 10:05:04,2026-07-06 09:54:37,2026-07-06 10:05:04,2026-07-06 09:55:00,eth-updown-5m-1783331700,Up,0.52,6.0093,11.55634615,0,-6.0093,35.383733
46,d04fc611-ec15-42bc-8497-dbe89ec35ad7,2026-07-06 10:09:27,2026-07-06 09:59:38,2026-07-06 10:09:27,2026-07-06 10:00:00,eth-updown-5m-1783332000,Up,0.55,6.0093,10.926,10.926,4.9167,40.300433
47,bde38fed-f025-4011-8203-3e177d61d142,2026-07-06 12:15:07,2026-07-06 12:04:37,2026-07-06 12:15:07,2026-07-06 12:05:00,eth-updown-5m-1783339500,Up,0.55,6.0093,10.926,10.926,4.9167,45.217133
48,627be293-ec30-42bc-8b0e-5cbd74bd9472,2026-07-06 12:19:49,2026-07-06 12:09:37,2026-07-06 12:19:49,2026-07-06 12:10:00,eth-updown-5m-1783339800,Up,0.54,6.0093,11.12833333,11.12833333,5.11903333,50.33616633
49,620ae9c6-063f-4c98-8304-b6178c88b622,2026-07-06 12:24:43,2026-07-06 12:14:36,2026-07-06 12:24:43,2026-07-06 12:15:00,eth-updown-5m-1783340100,Up,0.56,6.0093,10.73089286,10.73089286,4.72159286,55.05775919
50,d84407d9-8f9e-41fa-9407-d64d4dc66839,2026-07-06 12:29:58,2026-07-06 12:19:37,2026-07-06 12:29:58,2026-07-06 12:20:00,eth-updown-5m-1783340400,Up,0.53594206,6.00929997,11.21259259,0,-6.00929997,49.04845922
51,d93dee2f-5338-4e61-998c-5d883b62c13c,2026-07-06 12:34:51,2026-07-06 12:24:36,2026-07-06 12:34:51,2026-07-06 12:25:00,eth-updown-5m-1783340700,Up,0.53,6.0093,11.33830189,11.33830189,5.32900189,54.37746111
52,3291361a-d7a0-47cc-83be-3043ec295504,2026-07-06 12:39:59,2026-07-06 12:29:37,2026-07-06 12:39:59,2026-07-06 12:30:00,eth-updown-5m-1783341000,Up,0.53,6.0093,11.33830189,11.33830189,5.32900189,59.706463
53,d068c050-c111-4466-a304-904250350941,2026-07-06 12:45:09,2026-07-06 12:34:36,2026-07-06 12:45:09,2026-07-06 12:35:00,eth-updown-5m-1783341300,Up,0.51,6.0093,11.78294118,0,-6.0093,53.697163
54,c0ee1db7-e828-48e8-a0fc-056f602ae581,2026-07-06 12:49:51,2026-07-06 12:39:36,2026-07-06 12:49:51,2026-07-06 12:40:00,eth-updown-5m-1783341600,Up,0.54,6.0093,11.12833333,0,-6.0093,47.687863
55,b501d566-98a4-4892-81e1-0ec8fb76ae26,2026-07-06 12:54:39,2026-07-06 12:44:38,2026-07-06 12:54:39,2026-07-06 12:45:00,eth-updown-5m-1783341900,Up,0.54362232,6.00929997,11.05418182,0,-6.00929997,41.67856303
56,63fc757d-f23a-4dc7-ad4b-b50afc5f8d8e,2026-07-06 13:04:51,2026-07-06 12:49:36,2026-07-06 13:04:51,2026-07-06 12:50:00,eth-updown-5m-1783342200,Up,0.55,6.0093,10.926,10.926,4.9167,46.59526303
57,57c48479-a64d-4076-959c-82b955173394,2026-07-06 13:05:24,2026-07-06 12:54:38,2026-07-06 13:05:24,2026-07-06 12:55:00,eth-updown-5m-1783342500,Up,0.51,6.0093,11.78294118,0,-6.0093,40.58596303
58,6413a296-f038-4b00-bfd0-d558d3b26351,2026-07-06 13:09:51,2026-07-06 12:59:36,2026-07-06 13:09:51,2026-07-06 13:00:00,eth-updown-5m-1783342800,Up,0.51541986,6.00929997,11.65903846,0,-6.00929997,34.57666306
59,fbf30bb0-5049-4b87-842e-484461ad78ca,2026-07-06 13:15:03,2026-07-06 13:04:37,2026-07-06 13:15:03,2026-07-06 13:05:00,eth-updown-5m-1783343100,Up,0.55,6.0093,10.926,10.926,4.9167,39.49336306
60,8401aa64-9ad7-4e5d-b29f-7a8518db58cb,2026-07-06 13:19:41,2026-07-06 13:09:36,2026-07-06 13:19:41,2026-07-06 13:10:00,eth-updown-5m-1783343400,Up,0.53798568,6.00930005,11.17,0,-6.00930005,33.48406301
61,d4e504e5-ff9b-4053-8f6c-5ad5300141c6,2026-07-06 13:25:13,2026-07-06 13:14:37,2026-07-06 13:25:13,2026-07-06 13:15:00,eth-updown-5m-1783343700,Up,0.51046066,6.00929995,11.77230769,11.77230769,5.76300774,39.24707075
62,c1f8406d-3bbe-41db-adbe-2319d71859e6,2026-07-06 13:30:06,2026-07-06 13:19:37,2026-07-06 13:30:06,2026-07-06 13:20:00,eth-updown-5m-1783344000,Up,0.54,6.0093,11.12833333,11.12833333,5.11903333,44.36610408
63,bae885d7-a8b6-4060-a62a-b2147ae68b97,2026-07-06 13:34:44,2026-07-06 13:24:38,2026-07-06 13:34:44,2026-07-06 13:25:00,eth-updown-5m-1783344300,Up,0.51,6.0093,11.78294118,0,-6.0093,38.35680408
64,2753791d-851e-4c89-b466-8d4b9e04abda,2026-07-06 13:39:41,2026-07-06 13:29:36,2026-07-06 13:39:41,2026-07-06 13:30:00,eth-updown-5m-1783344600,Up,0.53,6.0093,11.33830189,11.33830189,5.32900189,43.68580597
65,0464e125-8c5c-46ec-a299-986c2e9b9b2d,2026-07-06 13:45:03,2026-07-06 13:34:37,2026-07-06 13:45:03,2026-07-06 13:35:00,eth-updown-5m-1783344900,Up,0.51,6.0093,11.78294118,0,-6.0093,37.67650597
66,ca705137-e726-4376-83ae-4691792d7ef5,2026-07-06 13:49:56,2026-07-06 13:39:38,2026-07-06 13:49:56,2026-07-06 13:40:00,eth-updown-5m-1783345200,Up,0.54,6.0093,11.12833333,11.12833333,5.11903333,42.7955393
67,e9224ed3-f4ef-477a-9466-10e3eb1589e9,2026-07-06 13:54:59,2026-07-06 13:44:36,2026-07-06 13:54:59,2026-07-06 13:45:00,eth-updown-5m-1783345500,Up,0.5,6.0093,12.0186,12.0186,6.0093,48.8048393
68,d27951a2-a47a-4b66-b962-575c82672c03,2026-07-06 13:59:57,2026-07-06 13:49:37,2026-07-06 13:59:57,2026-07-06 13:50:00,eth-updown-5m-1783345800,Up,0.49,6.0093,12.26387755,12.26387755,6.25457755,55.05941685
69,743cf507-bef3-4c40-8328-59266f94e719,2026-07-06 14:03:42,2026-07-06 13:54:37,2026-07-06 14:03:42,2026-07-06 13:55:00,eth-updown-5m-1783346100,Up,0.52,6.0093,11.55634615,0,-6.0093,49.05011685
70,765c6915-85d9-4f59-b09c-e8526b60c6c7,2026-07-06 14:09:54,2026-07-06 13:59:36,2026-07-06 14:09:54,2026-07-06 14:00:00,eth-updown-5m-1783346400,Up,0.5,6.0093,12.0186,12.0186,6.0093,55.05941685
71,dfea46fb-d8ce-4be2-95bf-51504fbbfe46,2026-07-06 14:14:56,2026-07-06 14:04:37,2026-07-06 14:14:56,2026-07-06 14:05:00,eth-updown-5m-1783346700,Up,0.51,6.0093,11.78294118,11.78294118,5.77364118,60.83305803
72,8aea669f-3000-4dad-93aa-fbc3fe89c03f,2026-07-06 14:19:48,2026-07-06 14:09:37,2026-07-06 14:19:48,2026-07-06 14:10:00,eth-updown-5m-1783347000,Up,0.50165207,6.00929998,11.97901961,11.97901961,5.96971963,66.80277766
73,58744f70-9a10-4d38-848a-074467b8d1a3,2026-07-06 14:24:51,2026-07-06 14:14:37,2026-07-06 14:24:51,2026-07-06 14:15:00,eth-updown-5m-1783347300,Up,0.5,6.0093,12.0186,0,-6.0093,60.79347766
74,0792d260-cfac-474a-8b2f-31db21118860,2026-07-06 14:29:39,2026-07-06 14:19:37,2026-07-06 14:29:39,2026-07-06 14:20:00,eth-updown-5m-1783347600,Up,0.51,6.0093,11.78294118,11.78294118,5.77364118,66.56711884
75,3415ca5d-b29e-4a9c-81e3-d70d334e1475,2026-07-06 14:34:57,2026-07-06 14:24:37,2026-07-06 14:34:57,2026-07-06 14:25:00,eth-updown-5m-1783347900,Up,0.47,6.0093,12.78574468,12.78574468,6.77644468,73.34356352
76,2ff4026c-992d-45f3-af92-5986383c2325,2026-07-06 14:38:54,2026-07-06 14:29:37,2026-07-06 14:38:54,2026-07-06 14:30:00,eth-updown-5m-1783348200,Up,0.48,6.0093,12.519375,12.519375,6.510075,79.85363852
77,70e40704-6fdb-4a70-a752-b6122b33d26a,2026-07-06 14:44:56,2026-07-06 14:34:36,2026-07-06 14:44:56,2026-07-06 14:35:00,eth-updown-5m-1783348500,Up,0.49,6.0093,12.26387755,12.26387755,6.25457755,86.10821607
78,3eb6dd39-b576-463c-b9ac-b3a73f827518,2026-07-06 14:49:41,2026-07-06 14:39:36,2026-07-06 14:49:41,2026-07-06 14:40:00,eth-updown-5m-1783348800,Up,0.51,6.0093,11.78294118,0,-6.0093,80.09891607
79,b3099d85-57b4-4825-995e-afe04e3ef40e,2026-07-06 14:54:45,2026-07-06 14:44:38,2026-07-06 14:54:45,2026-07-06 14:45:00,eth-updown-5m-1783349100,Up,0.5,6.0093,12.0186,0,-6.0093,74.08961607
80,416adc6a-4553-4479-b958-b9aca7dd7390,2026-07-06 14:59:50,2026-07-06 14:49:36,2026-07-06 14:59:50,2026-07-06 14:50:00,eth-updown-5m-1783349400,Up,0.52,6.0093,11.55634615,11.55634615,5.54704615,79.63666222
81,5a03af02-cf7c-4af6-8d39-6cd4b35223cc,2026-07-06 15:05:10,2026-07-06 14:54:38,2026-07-06 15:05:10,2026-07-06 14:55:00,eth-updown-5m-1783349700,Up,0.51,6.0093,11.78294118,11.78294118,5.77364118,85.4103034
82,56dd8f7f-48b3-44ca-876f-aeeed53dd17a,2026-07-06 15:09:37,2026-07-06 14:59:37,2026-07-06 15:09:37,2026-07-06 15:00:00,eth-updown-5m-1783350000,Up,0.51,6.0093,11.78294118,11.78294118,5.77364118,91.18394458
83,373bcc2f-bd3b-45f0-9f36-485dc4bf7c89,2026-07-06 21:19:47,2026-07-06 21:09:33,2026-07-06 21:19:47,2026-07-06 21:10:00,eth-updown-5m-1783372200,Down,0.52999999,5.99999898,11.320753,11.320753,5.32075402,96.5046986
84,9784943c-aed4-46a6-a34a-1c0ecbd8e6f7,2026-07-06 21:24:53,2026-07-06 21:14:33,2026-07-06 21:24:53,2026-07-06 21:15:00,eth-updown-5m-1783372500,Down,0.52999999,5.99999898,11.320753,11.320753,5.32075402,101.82545262
85,6021de3e-8e5d-4974-aa3c-6eed47f4e275,2026-07-07 02:34:45,2026-07-07 02:24:32,2026-07-07 02:34:45,2026-07-07 02:25:00,eth-updown-5m-1783391100,Up,0.54999996,5.99999796,10.909088,0,-5.99999796,95.82545466
86,5c06b6ee-8465-4f88-a964-736b20fa894b,2026-07-07 02:39:38,2026-07-07 02:29:32,2026-07-07 02:39:38,2026-07-07 02:30:00,eth-updown-5m-1783391400,Up,0.53999996,5.99999896,11.11111,11.11111,5.11111104,100.9365657
87,d1f219ab-dec2-4069-aaa0-e086b59c1c77,2026-07-07 02:44:53,2026-07-07 02:34:33,2026-07-07 02:44:53,2026-07-07 02:35:00,eth-updown-5m-1783391700,Up,0.54999996,5.99999796,10.909088,10.909088,4.90909004,105.84565574
88,4ebd9511-b9ad-4e0d-abbe-b3028262f8e1,2026-07-07 02:49:46,2026-07-07 02:39:33,2026-07-07 02:49:46,2026-07-07 02:40:00,eth-updown-5m-1783392000,Up,0.53999996,5.99999896,11.11111,11.11111,5.11111104,110.95676678
89,4415a6cb-e579-4835-8c66-ddc0922de9f7,2026-07-07 02:55:07,2026-07-07 02:44:33,2026-07-07 02:55:07,2026-07-07 02:45:00,eth-updown-5m-1783392300,Up,0.51999998,5.99999897,11.53846,0,-5.99999897,104.95676781
90,ab387cf4-c8c3-4e79-8de6-602243e972ab,2026-07-07 02:57:36,2026-07-07 02:49:32,2026-07-07 02:57:36,2026-07-07 02:50:00,eth-updown-5m-1783392600,Up,0.51999998,5.99999897,11.53846,0,-5.99999897,98.95676884
91,7c812257-94a7-451c-8a85-e195dddfe7a2,2026-07-07 03:04:55,2026-07-07 02:54:33,2026-07-07 03:04:55,2026-07-07 02:55:00,eth-updown-5m-1783392900,Up,0.52999999,5.99999898,11.320753,0,-5.99999898,92.95676986
92,8de7ec49-754f-4b1f-bb33-db0246c7c94d,2026-07-07 03:07:40,2026-07-07 02:59:33,2026-07-07 03:07:40,2026-07-07 03:00:00,eth-updown-5m-1783393200,Up,0.53999996,5.99999896,11.11111,11.11111,5.11111104,98.0678809
93,f655bb5c-8289-4708-b491-149f472dccf6,2026-07-07 03:14:46,2026-07-07 03:04:32,2026-07-07 03:14:46,2026-07-07 03:05:00,eth-updown-5m-1783393500,Up,0.51999998,5.99999897,11.53846,11.53846,5.53846103,103.60634193
94,2dfa719a-b5bc-4db9-837d-8aff0071641f,2026-07-07 03:20:05,2026-07-07 03:09:32,2026-07-07 03:20:05,2026-07-07 03:10:00,eth-updown-5m-1783393800,Up,0.51,5.99999904,11.764704,0,-5.99999904,97.60634289
95,698884ea-08e7-4618-96d0-9f10722d6ce4,2026-07-07 03:24:52,2026-07-07 03:14:33,2026-07-07 03:24:52,2026-07-07 03:15:00,eth-updown-5m-1783394100,Up,0.51722422,5.99999905,11.600383,0,-5.99999905,91.60634384
96,140b652e-d65b-4ea6-9574-0f5dd6b3aa4c,2026-07-07 03:30:01,2026-07-07 03:19:32,2026-07-07 03:30:01,2026-07-07 03:20:00,eth-updown-5m-1783394400,Up,0.53999996,5.99999896,11.11111,11.11111,5.11111104,96.71745488
97,b01c75f9-9b96-431c-9e99-cf73b7e265b4,2026-07-07 03:34:51,2026-07-07 03:24:33,2026-07-07 03:34:51,2026-07-07 03:25:00,eth-updown-5m-1783394700,Up,0.54999996,5.99999796,10.909088,0,-5.99999796,90.71745692
98,eb90c529-2ed0-45e5-abec-2b3fb58b2958,2026-07-07 03:40:00,2026-07-07 03:29:32,2026-07-07 03:40:00,2026-07-07 03:30:00,eth-updown-5m-1783395000,Up,0.54999996,5.99999796,10.909088,10.909088,4.90909004,95.62654696
99,fdf0dbbb-1194-401b-9575-28aacb4fd3a2,2026-07-07 03:44:49,2026-07-07 03:34:32,2026-07-07 03:44:49,2026-07-07 03:35:00,eth-updown-5m-1783395300,Up,0.53999996,5.99999896,11.11111,0,-5.99999896,89.626548
100,c5f7aa24-a862-45b8-9dd0-085c5d6a10a1,2026-07-07 03:49:56,2026-07-07 03:39:33,2026-07-07 03:49:56,2026-07-07 03:40:00,eth-updown-5m-1783395600,Up,0.52999999,5.99999898,11.320753,0,-5.99999898,83.62654902
101,0e8b4d63-b71b-4795-83f0-908545928a54,2026-07-07 03:54:20,2026-07-07 03:44:32,2026-07-07 03:54:20,2026-07-07 03:45:00,eth-updown-5m-1783395900,Up,0.56,5.99999904,10.714284,0,-5.99999904,77.62654998
102,37413c18-5d79-4672-aa27-94375a815497,2026-07-07 03:59:49,2026-07-07 03:49:32,2026-07-07 03:59:49,2026-07-07 03:50:00,eth-updown-5m-1783396200,Up,0.53202843,5.99999903,11.277591,11.277591,5.27759197,82.90414195
103,58af883a-0a1a-43ed-894b-52fc6b357172,2026-07-07 04:04:41,2026-07-07 03:54:32,2026-07-07 04:04:41,2026-07-07 03:55:00,eth-updown-5m-1783396500,Up,0.53553718,5.99999897,11.203702,11.203702,5.20370303,88.10784498
104,6e7e0773-7810-4e94-bcc7-01f5286b3af7,2026-07-07 04:09:53,2026-07-07 03:59:33,2026-07-07 04:09:53,2026-07-07 04:00:00,eth-updown-5m-1783396800,Up,0.52999999,5.99999898,11.320753,0,-5.99999898,82.107846
105,6892f8b3-199d-493a-b113-cd79e3234ea1,2026-07-07 04:14:41,2026-07-07 04:04:32,2026-07-07 04:14:41,2026-07-07 04:05:00,eth-updown-5m-1783397100,Up,0.51999998,5.99999897,11.53846,11.53846,5.53846103,87.64630703
106,d9349bc2-f30e-4fab-a7dc-3079812e4f03,2026-07-07 04:19:58,2026-07-07 04:09:32,2026-07-07 04:19:58,2026-07-07 04:10:00,eth-updown-5m-1783397400,Up,0.51999998,5.99999897,11.53846,0,-5.99999897,81.64630806
107,168235d6-2953-4671-9703-ee9320d250cf,2026-07-07 04:24:53,2026-07-07 04:14:32,2026-07-07 04:24:53,2026-07-07 04:15:00,eth-updown-5m-1783397700,Up,0.51999998,5.99999897,11.53846,0,-5.99999897,75.64630909
108,0569f891-c479-4dfc-864a-b573f87b95b3,2026-07-07 04:29:51,2026-07-07 04:19:34,2026-07-07 04:29:51,2026-07-07 04:20:00,eth-updown-5m-1783398000,Up,0.52999999,5.99999898,11.320753,11.320753,5.32075402,80.96706311
109,adddfff4-6eb7-4395-8e0f-da692899fcc9,2026-07-07 04:34:57,2026-07-07 04:24:32,2026-07-07 04:34:57,2026-07-07 04:25:00,eth-updown-5m-1783398300,Up,0.53999996,5.99999896,11.11111,11.11111,5.11111104,86.07817415
110,58ec899c-db61-4275-a20a-6c13d62bed05,2026-07-07 04:39:49,2026-07-07 04:29:32,2026-07-07 04:39:49,2026-07-07 04:30:00,eth-updown-5m-1783398600,Up,0.5,6,12,0,-6,80.07817415
111,41b2bec4-2bfd-471a-82fa-025e243bc050,2026-07-07 04:44:49,2026-07-07 04:34:33,2026-07-07 04:44:49,2026-07-07 04:35:00,eth-updown-5m-1783398900,Up,0.51536173,5.99999896,11.642306,0,-5.99999896,74.07817519
112,d6c64805-5557-4192-a1ad-2d97b51fb79c,2026-07-07 04:49:46,2026-07-07 04:39:33,2026-07-07 04:49:46,2026-07-07 04:40:00,eth-updown-5m-1783399200,Up,0.51753307,5.99999895,11.59346,0,-5.99999895,68.07817624
113,4c69cb88-b82b-4e1a-aa6c-5d25b550add5,2026-07-07 04:54:53,2026-07-07 04:44:33,2026-07-07 04:54:53,2026-07-07 04:45:00,eth-updown-5m-1783399500,Up,0.53389576,5.99999903,11.238147,0,-5.99999903,62.07817721
114,fe4acd8f-119d-4bdb-a196-b945898bbf54,2026-07-07 05:00:06,2026-07-07 04:49:33,2026-07-07 05:00:06,2026-07-07 04:50:00,eth-updown-5m-1783399800,Up,0.55279522,5.99999896,10.853927,10.853927,4.85392804,66.93210525
115,f7238da8-1eac-4a6e-bd83-f70665d2a441,2026-07-07 05:07:37,2026-07-07 04:59:33,2026-07-07 05:07:37,2026-07-07 05:00:00,eth-updown-5m-1783400400,Up,0.5,6,12,0,-6,60.93210525
116,31ac3864-0cf0-49be-b304-4a3da7d0ac7c,2026-07-07 05:14:44,2026-07-07 05:04:32,2026-07-07 05:14:44,2026-07-07 05:05:00,eth-updown-5m-1783400700,Up,0.51999998,5.99999897,11.53846,0,-5.99999897,54.93210628
117,20f65a78-fe24-4a6c-ad09-dd9749abf21b,2026-07-07 05:19:44,2026-07-07 05:09:33,2026-07-07 05:19:44,2026-07-07 05:10:00,eth-updown-5m-1783401000,Up,0.54999996,5.99999796,10.909088,0,-5.99999796,48.93210832
118,72c22ace-8d3a-4ec1-a7ef-e86115b87003,2026-07-07 08:19:54,2026-07-07 08:09:33,2026-07-07 08:19:54,2026-07-07 08:10:00,eth-updown-5m-1783411800,Up,0.54999996,5.99999796,10.909088,10.909088,4.90909004,53.84119836
119,bc53bc0b-c357-456d-b4a2-85d2cd28c29d,2026-07-07 08:44:41,2026-07-07 08:34:32,2026-07-07 08:44:41,2026-07-07 08:35:00,eth-updown-5m-1783413300,Up,0.52999999,5.99999898,11.320753,11.320753,5.32075402,59.16195238
120,c9789179-7292-41f6-9e2c-211b6dcd331a,2026-07-07 08:53:42,2026-07-07 08:44:32,2026-07-07 08:53:42,2026-07-07 08:45:00,eth-updown-5m-1783413900,Up,0.52999999,5.99999898,11.320753,11.320753,5.32075402,64.4827064
