asset,strategy_name,trigger_side,target_outcome,day_utc,entries,settled_entries,flat_entries,wins,losses,total_stake_units,settled_stake_units,pnl_units,shifts_applied,max_multiplier
BTC,BTC Up or Down 5m Diff Down Shift Progress,Down,Up,2025-12-29,32,32,0,19,13,73,73,15,10,5
BTC,BTC Up or Down 5m Diff Down Shift Progress,Down,Up,2026-01-29,17,17,0,9,8,36,36,4,6,3
BTC,BTC Up or Down 5m Diff Down Shift Progress,Down,Up,2026-01-30,17,17,0,9,8,52,52,6,4,6
BTC,BTC Up or Down 5m Diff Down Shift Progress,Down,Up,2026-01-31,41,41,0,23,18,87,87,13,15,4
BTC,BTC Up or Down 5m Diff Down Shift Progress,Down,Up,2026-02-01,2,2,0,2,0,4,4,4,0,2
BTC,BTC Up or Down 5m Diff Down Shift Progress,Down,Up,2026-02-02,77,77,0,39,38,392,392,16,18,12
BTC,BTC Up or Down 5m Diff Down Shift Progress,Down,Up,2026-02-03,22,22,0,13,9,59,59,11,6,6
BTC,BTC Up or Down 5m Diff Down Shift Progress,Down,Up,2026-02-04,75,75,0,47,28,160,160,42,24,4
BTC,BTC Up or Down 5m Diff Down Shift Progress,Down,Up,2026-02-05,52,52,0,24,28,107,107,-11,25,4
BTC,BTC Up or Down 5m Diff Down Shift Progress,Down,Up,2026-02-06,46,46,0,25,21,204,204,24,8,9
BTC,BTC Up or Down 5m Diff Up Shift Progress,Up,Down,2025-12-29,61,61,0,28,33,256,256,12,9,9
BTC,BTC Up or Down 5m Diff Up Shift Progress,Up,Down,2025-12-30,63,63,0,33,30,162,162,20,16,6
BTC,BTC Up or Down 5m Diff Up Shift Progress,Up,Down,2025-12-31,8,8,0,5,3,16,16,4,3,2
BTC,BTC Up or Down 5m Diff Up Shift Progress,Up,Down,2026-01-01,22,22,0,10,12,49,49,-3,8,4
BTC,BTC Up or Down 5m Diff Up Shift Progress,Up,Down,2026-01-02,62,62,0,35,27,181,181,29,16,8
BTC,BTC Up or Down 5m Diff Up Shift Progress,Up,Down,2026-01-03,4,4,0,1,3,8,8,-4,3,2
BTC,BTC Up or Down 5m Diff Up Shift Progress,Up,Down,2026-01-04,26,26,0,18,8,53,53,21,7,3
BTC,BTC Up or Down 5m Diff Up Shift Progress,Up,Down,2026-01-05,20,20,0,10,10,40,40,0,10,2
BTC,BTC Up or Down 5m Diff Up Shift Progress,Up,Down,2026-01-10,26,24,2,14,10,52,48,8,10,2
BTC,BTC Up or Down 5m Diff Up Shift Progress,Up,Down,2026-01-11,72,72,0,38,34,193,193,27,15,6
BTC,BTC Up or Down 5m Diff Up Shift Progress,Up,Down,2026-01-12,16,16,0,8,8,32,32,0,8,2
BTC,BTC Up or Down 5m Diff Up Shift Progress,Up,Down,2026-01-13,37,37,0,19,18,148,148,10,9,8
BTC,BTC Up or Down 5m Diff Up Shift Progress,Up,Down,2026-01-14,44,44,0,23,21,112,112,12,13,5
ETH,ETH Up or Down 5m Diff Down Shift Progress,Down,Up,2025-12-29,9,9,0,7,2,19,19,11,1,3
ETH,ETH Up or Down 5m Diff Down Shift Progress,Down,Up,2026-06-23,14,14,0,7,7,32,32,2,5,4
ETH,ETH Up or Down 5m Diff Down Shift Progress,Down,Up,2026-06-24,90,90,0,42,48,561,561,17,13,14
ETH,ETH Up or Down 5m Diff Down Shift Progress,Down,Up,2026-06-25,54,54,0,30,24,117,117,17,19,4
ETH,ETH Up or Down 5m Diff Down Shift Progress,Down,Up,2026-06-26,6,6,0,4,2,12,12,4,2,2
ETH,ETH Up or Down 5m Diff Up Shift Progress,Up,Down,2025-12-29,91,91,0,44,47,614,614,18,13,14
ETH,ETH Up or Down 5m Diff Up Shift Progress,Up,Down,2025-12-30,250,249,1,114,135,2706,2704,6,26,21
ETH,ETH Up or Down 5m Diff Up Shift Progress,Up,Down,2025-12-31,9,9,0,8,1,31,31,27,2,7
ETH,ETH Up or Down 5m Diff Up Shift Progress,Up,Down,2026-01-01,10,10,0,4,6,21,21,-3,5,3
ETH,ETH Up or Down 5m Diff Up Shift Progress,Up,Down,2026-01-02,46,46,0,26,20,144,144,20,11,8
ETH,ETH Up or Down 5m Diff Up Shift Progress,Up,Down,2026-01-03,34,34,0,20,14,69,69,13,13,3
ETH,ETH Up or Down 5m Diff Up Shift Progress,Up,Down,2026-01-04,53,53,0,30,23,114,114,18,19,4
ETH,ETH Up or Down 5m Diff Up Shift Progress,Up,Down,2026-01-05,60,59,1,27,32,215,211,9,12,7
ETH,ETH Up or Down 5m Diff Up Shift Progress,Up,Down,2026-01-06,58,58,0,29,29,152,152,0,18,6
ETH,ETH Up or Down 5m Diff Up Shift Progress,Up,Down,2026-01-07,10,10,0,8,2,29,29,21,3,6
ETH,ETH Up or Down 5m Diff Up Shift Progress,Up,Down,2026-01-11,64,63,1,35,28,134,132,20,22,3
ETH,ETH Up or Down 5m Diff Up Shift Progress,Up,Down,2026-01-13,44,44,0,22,22,120,120,10,12,6
ETH,ETH Up or Down 5m Diff Up Shift Progress,Up,Down,2026-01-14,99,99,0,48,51,589,589,19,15,15
ETH,ETH Up or Down 5m Diff Up Shift Progress,Up,Down,2026-01-15,61,61,0,30,31,240,240,12,14,8
ETH,ETH Up or Down 5m Diff Up Shift Progress,Up,Down,2026-01-17,172,170,2,81,89,1530,1514,26,20,21
ETH,ETH Up or Down 5m Diff Up Shift Progress,Up,Down,2026-01-18,16,16,0,10,6,32,32,8,6,2
ETH,ETH Up or Down 5m Diff Up Shift Progress,Up,Down,2026-01-19,1,1,0,1,0,2,2,2,0,2
ETH,ETH Up or Down 5m Diff Up Shift Progress,Up,Down,2026-01-26,38,38,0,20,18,77,77,5,17,3
ETH,ETH Up or Down 5m Diff Up Shift Progress,Up,Down,2026-02-25,5,5,0,5,0,10,10,10,0,2
ETH,ETH Up or Down 5m Diff Up Shift Progress,Up,Down,2026-04-16,7,7,0,3,4,14,14,-2,4,2
ETH,ETH Up or Down 5m Diff Up Shift Progress,Up,Down,2026-04-17,158,157,1,74,83,2230,2214,2,8,22
ETH,ETH Up or Down 5m Diff Up Shift Progress,Up,Down,2026-04-18,24,24,0,13,11,240,240,14,11,14
SOL,SOL Up or Down 5m Diff Down Shift Progress,Down,Up,2025-12-29,53,52,1,31,21,111,109,23,18,4
SOL,SOL Up or Down 5m Diff Down Shift Progress,Down,Up,2025-12-30,13,13,0,8,5,27,27,7,4,3
SOL,SOL Up or Down 5m Diff Down Shift Progress,Down,Up,2025-12-31,51,50,1,19,31,207,202,-32,10,9
SOL,SOL Up or Down 5m Diff Down Shift Progress,Down,Up,2026-01-01,61,59,2,33,26,282,269,53,11,9
SOL,SOL Up or Down 5m Diff Down Shift Progress,Down,Up,2026-01-31,13,13,0,9,4,26,26,10,4,2
SOL,SOL Up or Down 5m Diff Down Shift Progress,Down,Up,2026-02-01,7,7,0,5,2,14,14,6,2,2
SOL,SOL Up or Down 5m Diff Down Shift Progress,Down,Up,2026-02-02,62,62,0,28,34,274,274,4,15,10
SOL,SOL Up or Down 5m Diff Down Shift Progress,Down,Up,2026-02-03,59,59,0,29,30,191,191,13,14,7
SOL,SOL Up or Down 5m Diff Down Shift Progress,Down,Up,2026-02-04,41,39,2,21,18,97,93,15,9,4
SOL,SOL Up or Down 5m Diff Down Shift Progress,Down,Up,2026-02-05,110,109,1,44,65,1182,1176,-176,9,22
SOL,SOL Up or Down 5m Diff Down Shift Progress,Down,Up,2026-02-06,112,111,1,61,50,1504,1498,198,14,25
SOL,SOL Up or Down 5m Diff Down Shift Progress,Down,Up,2026-02-12,6,6,0,3,3,12,12,0,3,2
SOL,SOL Up or Down 5m Diff Down Shift Progress,Down,Up,2026-02-23,5,5,0,1,4,13,13,-5,2,4
SOL,SOL Up or Down 5m Diff Down Shift Progress,Down,Up,2026-02-24,21,21,0,12,9,47,47,11,5,3
SOL,SOL Up or Down 5m Diff Up Shift Progress,Up,Down,2025-12-29,16,15,1,10,5,37,35,13,2,4
SOL,SOL Up or Down 5m Diff Up Shift Progress,Up,Down,2026-01-05,3,3,0,3,0,6,6,6,0,2
SOL,SOL Up or Down 5m Diff Up Shift Progress,Up,Down,2026-01-06,30,30,0,18,12,60,60,12,12,2
SOL,SOL Up or Down 5m Diff Up Shift Progress,Up,Down,2026-01-08,4,4,0,1,3,8,8,-4,3,2
SOL,SOL Up or Down 5m Diff Up Shift Progress,Up,Down,2026-01-09,11,11,0,6,5,22,22,2,5,2
SOL,SOL Up or Down 5m Diff Up Shift Progress,Up,Down,2026-01-11,88,87,1,40,47,570,560,10,13,13
SOL,SOL Up or Down 5m Diff Up Shift Progress,Up,Down,2026-01-12,25,24,1,16,8,50,48,16,8,2
SOL,SOL Up or Down 5m Diff Up Shift Progress,Up,Down,2026-01-13,5,5,0,3,2,10,10,2,2,2
SOL,SOL Up or Down 5m Diff Up Shift Progress,Up,Down,2026-01-14,34,34,0,20,14,68,68,12,14,2
SOL,SOL Up or Down 5m Diff Up Shift Progress,Up,Down,2026-01-15,54,52,2,26,26,248,239,11,12,10
SOL,SOL Up or Down 5m Diff Up Shift Progress,Up,Down,2026-05-08,19,19,0,9,10,43,43,1,7,4
SOL,SOL Up or Down 5m Diff Up Shift Progress,Up,Down,2026-05-09,1,1,0,1,0,2,2,2,0,2
SOL,SOL Up or Down 5m Diff Up Shift Progress,Up,Down,2026-05-10,4,4,0,2,2,8,8,0,2,2
SOL,SOL Up or Down 5m Diff Up Shift Progress,Up,Down,2026-06-01,13,10,3,7,3,27,21,9,2,3
