rank,asset,offset_seconds,depth,threshold_bps,catalog_equivalent_rows,settled_trades,win_rate_pct,roi_pct_at_0_50,break_even_entry_price,roi_pct_at_0_52,wilson_lower_win_rate_pct,z_score,active_months,profitable_active_months,suitability
1,SOL,10,10,65,2,512,57.6172,14.9712,0.5762,10.8023,53.2956,3.4471,5,5,"research_candidate"
2,SOL,5,10,60,2,696,57.3276,14.4068,0.5733,10.2454,53.6227,3.8663,6,6,"research_candidate"
3,SOL,10,20,80,2,749,57.2764,14.3045,0.5728,10.1469,53.7054,3.9828,6,6,"research_candidate"
4,SOL,5,40,95,2,1201,56.9525,13.711,0.5695,9.5241,54.1344,4.8189,7,7,"research_candidate"
5,BTC,30,10,45,2,514,56.8093,13.6187,0.5681,9.2487,52.4921,3.0876,6,5,"research_candidate"
6,SOL,10,10,60,2,652,56.9018,13.5952,0.569,9.4266,53.0711,3.5247,6,6,"research_candidate"
7,SOL,5,30,90,2,946,56.871,13.5417,0.5687,9.3674,53.6935,4.2267,7,6,"research_candidate"
8,SOL,5,20,80,2,767,56.8449,13.4615,0.5684,9.317,53.3141,3.7913,6,5,"research_candidate"
9,SOL,10,20,70,2,1089,56.7493,13.3032,0.5675,9.1333,53.7881,4.4545,7,6,"research_candidate"
10,BTC,10,20,40,2,1822,56.5862,13.1723,0.5659,8.8196,54.2988,5.6226,7,6,"research_candidate"
11,SOL,30,20,70,2,1049,56.6254,13.0639,0.5663,8.8949,53.6075,4.2917,7,6,"research_candidate"
12,SOL,5,20,90,2,521,56.6219,12.9944,0.5662,8.8882,52.3331,3.0229,6,6,"research_candidate"
13,SOL,10,20,90,2,516,56.5891,12.9278,0.5659,8.8253,52.2794,2.9935,6,6,"research_candidate"
14,SOL,10,20,75,2,907,56.5601,12.9207,0.5656,8.7694,53.3132,3.9513,6,6,"research_candidate"
15,SOL,10,30,75,2,1514,56.539,12.9074,0.5654,8.7288,54.0285,5.0886,7,6,"research_candidate"
16,BTC,10,50,45,2,3704,56.4525,12.905,0.5645,8.5625,54.8498,7.854,7,7,"research_candidate"
17,SOL,5,20,65,2,1366,56.5154,12.8613,0.5652,8.6834,53.8718,4.8161,7,6,"research_candidate"
18,SOL,5,40,85,2,1602,56.4919,12.8316,0.5649,8.6382,54.0515,5.1968,7,7,"research_candidate"
19,SOL,10,10,50,2,1108,56.4982,12.8,0.565,8.6504,53.5615,4.3261,7,7,"research_candidate"
20,SOL,10,30,85,2,1095,56.4384,12.6913,0.5644,8.5353,53.484,4.261,7,6,"research_candidate"
21,SOL,10,30,90,2,927,56.4186,12.6461,0.5642,8.4972,53.2064,3.9085,7,6,"research_candidate"
22,BTC,5,20,35,2,2486,56.3154,12.6307,0.5632,8.2988,54.3573,6.2977,7,6,"research_candidate"
23,BTC,5,20,40,2,1861,56.3138,12.6276,0.5631,8.2958,54.0496,5.4475,7,6,"research_candidate"
24,SOL,30,10,60,2,578,56.4014,12.585,0.564,8.4642,52.3295,3.078,6,6,"research_candidate"
25,BTC,30,40,45,2,2903,56.2866,12.5732,0.5629,8.2435,54.475,6.7744,7,6,"research_candidate"
26,SOL,5,10,65,2,541,56.3771,12.5227,0.5638,8.4175,52.1677,2.9665,6,5,"research_candidate"
27,SOL,5,30,85,2,1115,56.3229,12.4779,0.5632,8.3132,53.3948,4.2226,7,7,"research_candidate"
28,BTC,10,20,35,2,2458,56.2246,12.4491,0.5622,8.1242,54.2551,6.1721,7,6,"research_candidate"
29,SOL,5,20,70,2,1133,56.3107,12.4456,0.5631,8.2898,53.406,4.2484,7,6,"research_candidate"
30,SOL,5,30,95,2,817,56.3035,12.4246,0.563,8.2761,52.8807,3.6035,6,5,"research_candidate"
31,BTC,30,60,55,2,2920,56.1986,12.3973,0.562,8.0743,54.3921,6.6991,7,6,"research_candidate"
32,SOL,30,20,80,2,691,56.2952,12.3932,0.563,8.26,52.5721,3.3096,6,5,"research_candidate"
33,SOL,10,40,70,2,2460,56.2602,12.3744,0.5626,8.1926,54.2916,6.2099,7,7,"research_candidate"
34,SOL,10,40,85,2,1566,56.258,12.3737,0.5626,8.1884,53.7886,4.9529,7,6,"research_candidate"
35,SOL,10,40,80,2,1800,56.2222,12.3145,0.5622,8.1197,53.9194,5.2797,7,6,"research_candidate"
36,SOL,5,40,90,2,1389,56.2275,12.3044,0.5623,8.1298,53.6048,4.6419,7,7,"research_candidate"
37,BTC,5,30,40,2,2861,56.1342,12.2684,0.5613,7.9504,54.3089,6.5622,7,6,"research_candidate"
38,BTC,10,40,45,2,2945,56.129,12.2581,0.5613,7.9404,54.33,6.6522,7,6,"research_candidate"
39,SOL,10,20,85,2,601,56.2396,12.2349,0.5624,8.1531,52.2461,3.0593,6,6,"research_candidate"
40,SOL,10,20,65,2,1349,56.1898,12.2255,0.5619,8.0573,53.5282,4.5468,7,5,"research_candidate"
41,ETH,5,20,80,2,688,56.1047,12.2093,0.561,7.8936,52.3726,3.2025,6,5,"research_candidate"
42,SOL,5,40,80,2,1839,56.1718,12.2043,0.5617,8.0228,53.8935,5.2934,7,7,"research_candidate"
43,BTC,10,30,40,2,2811,56.101,12.2021,0.561,7.8866,54.2594,6.4694,7,6,"research_candidate"
44,SOL,30,30,65,2,2064,56.1531,12.1823,0.5615,7.9867,54.0029,5.5909,7,6,"research_candidate"
45,SOL,30,20,85,2,573,56.1955,12.1784,0.562,8.0682,52.1051,2.9661,6,5,"research_candidate"
46,ETH,10,20,75,2,797,56.0853,12.1706,0.5609,7.8564,52.6187,3.4359,6,5,"research_candidate"
47,ETH,10,20,80,2,674,56.0831,12.1662,0.5608,7.8521,52.3123,3.1585,6,5,"research_candidate"
48,SOL,30,30,75,2,1466,56.1392,12.1457,0.5614,7.9599,53.5862,4.7012,7,7,"research_candidate"
49,ETH,5,10,55,2,774,56.0724,12.1447,0.5607,7.8314,52.5544,3.3788,6,5,"research_candidate"
50,BTC,5,40,45,2,2948,56.0719,12.1438,0.5607,7.8306,54.2736,6.5935,7,6,"research_candidate"
51,SOL,30,20,75,2,842,56.1758,12.1354,0.5618,8.0303,52.8038,3.5841,6,6,"research_candidate"
52,SOL,5,30,80,2,1318,56.1457,12.1348,0.5615,7.9725,53.4527,4.4623,7,6,"research_candidate"
53,SOL,10,30,100,2,691,56.1505,12.1083,0.5615,7.9817,52.4268,3.2336,6,5,"research_candidate"
54,SOL,5,40,70,2,2481,56.1064,12.0525,0.5611,7.8969,54.1457,6.0832,7,7,"research_candidate"
55,SOL,10,20,55,2,2000,56.1,12.0494,0.561,7.8846,53.9154,5.456,7,7,"research_candidate"
56,BTC,30,20,40,2,1746,56.0137,12.0275,0.5601,7.7187,53.6748,5.0257,7,6,"research_candidate"
57,SOL,5,20,75,2,925,56.1081,12.0213,0.5611,7.9002,52.8913,3.7154,7,6,"research_candidate"
58,BTC,5,50,45,2,3732,56.0021,12.0043,0.56,7.6964,54.4042,7.3334,7,7,"research_candidate"
59,BTC,5,30,35,2,3775,56,12,0.56,7.6923,54.4112,7.3729,7,7,"research_candidate"
60,BTC,30,50,50,2,2959,55.9986,11.9973,0.56,7.6897,54.2034,6.5261,7,7,"research_candidate"
61,BTC,5,60,50,2,3633,55.9868,11.9736,0.5599,7.6669,54.3671,7.217,7,6,"research_candidate"
62,SOL,30,40,90,2,1338,56.0538,11.9645,0.5605,7.7958,53.3808,4.4288,7,6,"research_candidate"
63,BTC,30,20,35,2,2351,55.9762,11.9524,0.5598,7.6465,53.9614,5.7954,7,6,"research_candidate"
64,SOL,10,30,70,2,1795,56.0446,11.9428,0.5604,7.778,53.7379,5.1219,7,6,"research_candidate"
65,BTC,10,60,50,2,3592,55.9577,11.9154,0.5596,7.6109,54.3287,7.1413,7,6,"research_candidate"
66,ETH,5,30,100,2,638,55.9561,11.9122,0.5596,7.6079,52.0796,3.0089,5,5,"research_candidate"
67,SOL,5,30,65,2,2149,56.0261,11.908,0.5603,7.7424,53.9185,5.587,7,7,"research_candidate"
68,SOL,5,30,70,2,1808,56.0288,11.9061,0.5603,7.7476,53.7304,5.1269,7,6,"research_candidate"
69,ETH,5,10,20,2,6525,55.954,11.8953,0.5595,7.6039,54.7463,9.619,7,7,"research_candidate"
70,BTC,10,40,40,2,3786,55.9429,11.8859,0.5594,7.5826,54.3563,7.3134,7,7,"research_candidate"
71,SOL,5,20,60,2,1673,56.0072,11.8794,0.5601,7.7061,53.6175,4.9141,7,7,"research_candidate"
72,SOL,10,40,95,2,1196,56.0201,11.8714,0.5602,7.7309,53.1921,4.1639,7,7,"research_candidate"
73,BTC,10,30,35,2,3758,55.934,11.868,0.5593,7.5654,54.3414,7.2754,7,7,"research_candidate"
74,SOL,10,40,75,2,2093,55.9962,11.8564,0.56,7.685,53.8605,5.4864,7,7,"research_candidate"
75,SOL,5,30,75,2,1550,56,11.8547,0.56,7.6923,53.517,4.7244,7,6,"research_candidate"
76,BTC,5,60,55,2,3004,55.9254,11.8509,0.5593,7.5489,54.1435,6.4953,7,6,"research_candidate"
77,SOL,10,30,80,2,1291,56.0031,11.8502,0.56,7.6983,53.2815,4.3139,7,6,"research_candidate"
78,ETH,5,20,20,2,10679,55.9041,11.7939,0.559,7.5079,54.9605,12.2025,7,7,"research_candidate"
79,ETH,5,40,35,2,7639,55.8974,11.7824,0.559,7.4949,54.7812,10.3088,7,7,"research_candidate"
80,SOL,30,40,70,2,2422,55.9455,11.7551,0.5595,7.5875,53.9604,5.852,7,7,"research_candidate"
81,BTC,30,50,45,2,3648,55.8662,11.7325,0.5587,7.4351,54.2495,7.0862,7,7,"research_candidate"
82,SOL,30,40,85,2,1525,55.9344,11.7228,0.5593,7.5662,53.4308,4.6349,7,6,"research_candidate"
83,SOL,10,40,90,2,1382,55.9334,11.7143,0.5593,7.5643,53.303,4.4115,7,7,"research_candidate"
84,BTC,10,50,40,2,4687,55.8566,11.7132,0.5586,7.4166,54.4308,8.0191,7,7,"research_candidate"
85,BTC,10,30,45,2,2184,55.815,11.63,0.5582,7.3366,53.7238,5.4351,7,6,"research_candidate"
86,BTC,10,50,60,2,2014,55.8093,11.6187,0.5581,7.3256,53.6314,5.2142,7,6,"research_candidate"
87,BTC,30,30,40,2,2747,55.8063,11.6127,0.5581,7.3199,53.9423,6.0864,7,6,"research_candidate"
88,SOL,30,40,80,2,1779,55.8741,11.6111,0.5587,7.4502,53.5565,4.9552,7,6,"research_candidate"
89,BTC,10,30,50,2,1699,55.7975,11.5951,0.558,7.3029,53.4256,4.7794,7,6,"research_candidate"
90,SOL,30,20,55,2,1937,55.8596,11.5757,0.5586,7.4223,53.6388,5.1578,7,6,"research_candidate"
91,ETH,5,50,40,2,7345,55.7931,11.5751,0.5579,7.2943,54.6545,9.9296,7,7,"research_candidate"
92,SOL,30,30,85,2,1058,55.8601,11.5456,0.5586,7.4233,52.8521,3.8122,7,6,"research_candidate"
93,BTC,5,30,45,2,2184,55.7692,11.5385,0.5577,7.2485,53.6779,5.3923,7,6,"research_candidate"
94,BTC,5,20,30,2,3420,55.7602,11.5205,0.5576,7.2312,54.0901,6.7373,7,7,"research_candidate"
95,SOL,5,30,55,2,3122,55.8296,11.5117,0.5583,7.3646,54.0815,6.5146,7,7,"research_candidate"
96,BTC,5,60,60,2,2513,55.7501,11.5002,0.5575,7.2117,53.8008,5.765,7,6,"research_candidate"
97,SOL,5,50,90,2,1811,55.8255,11.4924,0.5583,7.3568,53.5284,4.9582,7,7,"research_candidate"
98,ETH,10,20,20,2,10592,55.7496,11.483,0.5575,7.2108,54.8018,11.8347,7,7,"research_candidate"
99,ETH,10,50,45,2,6031,55.7453,11.4811,0.5575,7.2025,54.4885,8.9236,7,7,"research_candidate"
100,BTC,5,40,40,2,3827,55.7356,11.4711,0.5574,7.1838,54.1569,7.0964,7,7,"research_candidate"
101,BTC,30,60,45,2,4391,55.7276,11.4552,0.5573,7.1685,54.2541,7.5908,7,7,"research_candidate"
102,ETH,10,20,85,2,551,55.7169,11.4338,0.5572,7.1478,51.5439,2.6839,5,4,"research_candidate"
103,SOL,5,30,60,2,2560,55.7813,11.433,0.5578,7.2716,53.8501,5.8502,7,7,"research_candidate"
104,BTC,10,60,55,2,2974,55.7162,11.4324,0.5572,7.1466,53.9247,6.2346,7,6,"research_candidate"
105,BTC,10,60,45,2,4410,55.7143,11.4286,0.5571,7.1429,54.2439,7.5895,7,6,"research_candidate"
106,ETH,10,30,30,2,7707,55.7156,11.4193,0.5572,7.1454,54.604,10.0354,7,7,"research_candidate"
107,ETH,30,20,30,2,5372,55.7148,11.4169,0.5571,7.1439,54.3829,8.3772,7,7,"research_candidate"
108,SOL,5,20,50,2,2517,55.7807,11.4162,0.5578,7.2706,53.8331,5.8003,7,6,"research_candidate"
109,SOL,10,30,65,2,2132,55.7692,11.4153,0.5577,7.2485,53.6525,5.3277,7,7,"research_candidate"
110,BTC,30,60,50,2,3549,55.7058,11.4117,0.5571,7.1266,54.0663,6.7983,7,6,"research_candidate"
111,ETH,5,50,35,2,9002,55.7098,11.407,0.5571,7.1343,54.6815,10.8349,7,7,"research_candidate"
112,ETH,5,30,30,2,7762,55.7073,11.4014,0.5571,7.1294,54.5997,10.0565,7,7,"research_candidate"
113,SOL,5,30,100,2,699,55.794,11.3924,0.5579,7.2961,52.0905,3.0637,6,6,"research_candidate"
114,ETH,5,40,30,2,9542,55.7011,11.3891,0.557,7.1175,54.7023,11.1381,7,7,"research_candidate"
115,BTC,10,40,50,2,2336,55.6935,11.387,0.5569,7.1029,53.6713,5.5036,7,6,"research_candidate"
116,BTC,30,30,45,2,2099,55.6932,11.3864,0.5569,7.1023,53.5596,5.2166,7,6,"research_candidate"
117,BTC,30,50,40,2,4620,55.6926,11.3853,0.5569,7.1012,54.2561,7.7386,7,7,"research_candidate"
118,BTC,30,30,50,2,1634,55.6916,11.3831,0.5569,7.0991,53.2724,4.6014,7,6,"research_candidate"
119,SOL,30,30,70,2,1740,55.7471,11.3766,0.5575,7.206,53.4032,4.7946,7,7,"research_candidate"
120,SOL,5,40,75,2,2113,55.7501,11.3764,0.5575,7.2118,53.6238,5.2864,7,7,"research_candidate"
121,BTC,5,30,55,2,1381,55.6843,11.3686,0.5568,7.0852,53.0521,4.2248,7,6,"research_candidate"
122,BTC,30,50,35,2,5948,55.6826,11.3652,0.5568,7.0819,54.4169,8.7652,7,7,"research_candidate"
123,SOL,10,40,100,2,1049,55.7674,11.3615,0.5577,7.245,52.7462,3.7359,7,5,"research_candidate"
124,SOL,5,20,55,2,2036,55.7466,11.3592,0.5575,7.2049,53.5803,5.1859,7,7,"research_candidate"
125,BTC,30,40,40,2,3709,55.6754,11.3508,0.5568,7.068,54.0716,6.9128,7,7,"research_candidate"
126,BTC,5,60,45,2,4458,55.6752,11.3504,0.5568,7.0677,54.2126,7.5785,7,7,"research_candidate"
127,SOL,30,20,50,2,2393,55.7459,11.3496,0.5575,7.2037,53.7482,5.6216,7,7,"research_candidate"
128,BTC,30,40,50,2,2310,55.671,11.342,0.5567,7.0596,53.6374,5.4512,7,6,"research_candidate"
129,ETH,10,20,40,2,3273,55.6676,11.3248,0.5567,7.053,53.96,6.4849,7,7,"research_candidate"
130,ETH,5,50,45,2,6099,55.6649,11.3204,0.5566,7.0478,54.4149,8.8481,7,7,"research_candidate"
131,ETH,5,10,15,2,10088,55.6602,11.3069,0.5566,7.0388,54.6888,11.3701,7,7,"research_candidate"
132,BTC,30,50,60,2,1964,55.6517,11.3035,0.5565,7.0226,53.4456,5.0094,7,6,"research_candidate"
133,SOL,5,40,100,2,1055,55.7346,11.2979,0.5573,7.1819,52.7219,3.7253,7,5,"research_candidate"
134,SOL,10,30,95,2,802,55.7357,11.2883,0.5574,7.184,52.2788,3.2486,6,5,"research_candidate"
135,BTC,5,50,40,2,4725,55.6402,11.2804,0.5564,7.0004,54.2196,7.754,7,7,"research_candidate"
136,BTC,30,60,40,2,5541,55.6398,11.2796,0.5564,6.9996,54.3282,8.3963,7,7,"research_candidate"
137,ETH,10,40,25,2,12234,55.6482,11.277,0.5565,7.0158,54.7662,12.4946,7,7,"research_candidate"
138,ETH,30,30,100,2,604,55.6291,11.2583,0.5563,6.9791,51.6437,2.7669,5,4,"research_candidate"
139,ETH,5,60,45,2,7095,55.6307,11.2519,0.5563,6.9822,54.4719,9.4857,7,7,"research_candidate"
140,ETH,30,10,25,2,3955,55.6258,11.2431,0.5563,6.9727,54.0727,7.076,7,7,"research_candidate"
141,SOL,10,20,60,2,1641,55.6977,11.238,0.557,7.111,53.2838,4.6162,7,7,"research_candidate"
142,ETH,5,30,35,2,6120,55.6046,11.1982,0.556,6.9319,54.3566,8.769,7,7,"research_candidate"
143,ETH,30,20,40,2,3121,55.5912,11.1716,0.5559,6.9061,53.8421,6.2471,7,7,"research_candidate"
144,ETH,10,10,25,2,4305,55.5865,11.1679,0.5559,6.8972,54.0979,7.3309,7,7,"research_candidate"
145,ETH,5,20,75,2,833,55.5822,11.1645,0.5558,6.8889,52.19,3.2223,6,5,"research_candidate"
146,BTC,5,40,50,2,2377,55.5743,11.1485,0.5557,6.8736,53.5693,5.4354,7,6,"research_candidate"
147,ETH,10,50,35,2,8959,55.5754,11.1384,0.5558,6.8758,54.5443,10.5545,7,7,"research_candidate"
148,ETH,30,30,30,2,7626,55.573,11.1329,0.5557,6.8712,54.4553,9.7335,7,7,"research_candidate"
149,BTC,10,50,55,2,2439,55.5556,11.1111,0.5556,6.8376,53.5763,5.4874,7,6,"research_candidate"
150,ETH,10,40,35,2,7570,55.5614,11.1096,0.5556,6.8489,54.4395,9.6775,7,7,"research_candidate"
151,ETH,10,10,15,2,9941,55.5578,11.1022,0.5556,6.8419,54.579,11.0827,7,7,"research_candidate"
152,ETH,10,20,45,2,2621,55.5513,11.0984,0.5555,6.8295,53.6422,5.6841,7,6,"research_candidate"
153,ETH,10,40,30,2,9501,55.552,11.0901,0.5555,6.8309,54.5508,10.8235,7,7,"research_candidate"
154,ETH,5,60,55,2,5154,55.5491,11.0896,0.5555,6.8252,54.1888,7.9675,7,7,"research_candidate"
155,ETH,5,20,25,2,7687,55.5483,11.0851,0.5555,6.8237,54.435,9.7291,7,7,"research_candidate"
156,BTC,30,10,40,2,713,55.54,11.0799,0.5554,6.8076,51.8724,2.9586,6,6,"research_candidate"
157,BTC,10,20,30,2,3412,55.5393,11.0785,0.5554,6.8063,53.8666,6.4712,7,7,"research_candidate"
158,BTC,30,70,45,2,5166,55.5362,11.0724,0.5554,6.8004,54.1775,7.9583,7,7,"research_candidate"
159,SOL,30,40,75,2,2072,55.5985,11.0687,0.556,6.9201,53.4507,5.0967,7,6,"research_candidate"
160,SOL,10,30,60,2,2542,55.5862,11.0506,0.5559,6.8964,53.6476,5.6329,7,7,"research_candidate"
161,SOL,5,40,65,2,2934,55.5896,11.0438,0.5559,6.9032,53.7856,6.0554,7,7,"research_candidate"
162,BTC,5,40,55,2,1929,55.521,11.042,0.5552,6.7711,53.2945,4.8497,7,6,"research_candidate"
163,ETH,10,60,60,2,4357,55.5199,11.0346,0.5552,6.7689,54.04,7.287,7,7,"research_candidate"
164,BTC,30,70,60,2,2866,55.5129,11.0258,0.5551,6.7556,53.6873,5.9027,7,6,"research_candidate"
165,ETH,5,30,25,2,10177,55.5173,11.0228,0.5552,6.7641,54.5499,11.1319,7,7,"research_candidate"
166,ETH,5,40,25,2,12317,55.5168,11.0156,0.5552,6.763,54.6375,12.2452,7,7,"research_candidate"
167,BTC,5,30,50,2,1735,55.5043,11.0086,0.555,6.7391,53.1563,4.5855,7,6,"research_candidate"
168,ETH,30,60,50,2,5938,55.5069,11.0082,0.5551,6.744,54.2397,8.4871,7,7,"research_candidate"
169,ETH,10,50,40,2,7327,55.507,11.002,0.5551,6.7443,54.3665,9.4278,7,7,"research_candidate"
170,BTC,5,50,35,2,6081,55.5007,11.0015,0.555,6.7322,54.2486,8.579,7,7,"research_candidate"
171,ETH,5,20,85,2,573,55.4974,10.9948,0.555,6.7257,51.405,2.6319,6,4,"research_candidate"
172,ETH,5,40,20,2,16257,55.4961,10.974,0.555,6.7233,54.7309,14.0154,7,7,"research_candidate"
173,ETH,5,50,30,2,11236,55.4913,10.9689,0.5549,6.714,54.5706,11.6415,7,7,"research_candidate"
174,ETH,10,50,25,2,14170,55.4905,10.9655,0.5549,6.7124,54.6708,13.0715,7,7,"research_candidate"
175,BTC,10,10,25,2,2527,55.4808,10.9616,0.5548,6.6939,53.5362,5.5103,7,6,"research_candidate"
176,SOL,30,40,100,2,999,55.5556,10.9576,0.5556,6.8376,52.4587,3.5119,7,6,"research_candidate"
177,ETH,5,50,50,2,5156,55.4694,10.9324,0.5547,6.6718,54.1092,7.8546,7,7,"research_candidate"
178,ETH,5,30,20,2,13792,55.4742,10.9317,0.5547,6.6811,54.6433,12.8577,7,7,"research_candidate"
179,SOL,30,20,40,2,3823,55.5585,10.9283,0.5556,6.8432,53.9785,6.8736,7,7,"research_candidate"
180,ETH,5,50,25,2,14247,55.4713,10.9281,0.5547,6.6756,54.6539,13.0612,7,7,"research_candidate"
181,ETH,30,20,35,2,4033,55.4674,10.924,0.5547,6.6681,53.929,6.9442,7,7,"research_candidate"
182,ETH,5,20,35,2,4270,55.4567,10.9057,0.5546,6.6475,53.9617,7.1314,7,7,"research_candidate"
183,ETH,10,30,25,2,10127,55.4557,10.8985,0.5546,6.6456,54.4858,10.9805,7,7,"research_candidate"
184,ETH,30,30,35,2,5904,55.4539,10.8949,0.5545,6.6422,54.183,8.3813,7,7,"research_candidate"
185,ETH,30,50,50,2,5028,55.4495,10.8925,0.5545,6.6336,54.072,7.7283,7,7,"research_candidate"
186,ETH,5,20,40,2,3342,55.4458,10.8852,0.5545,6.6266,53.7554,6.2965,7,7,"research_candidate"
187,ETH,10,10,20,2,6441,55.4417,10.8716,0.5544,6.6187,54.225,8.7346,7,7,"research_candidate"
188,BTC,10,50,35,2,6016,55.4355,10.871,0.5544,6.6067,54.1764,8.4319,7,7,"research_candidate"
189,BTC,5,50,60,2,2033,55.4353,10.8706,0.5544,6.6064,53.2665,4.9014,7,6,"research_candidate"
190,ETH,30,20,70,2,920,55.4348,10.8696,0.5543,6.6054,52.207,3.2969,6,5,"research_candidate"
191,BTC,5,10,25,2,2596,55.4314,10.8629,0.5543,6.5989,53.5128,5.5347,7,7,"research_candidate"
192,SOL,5,10,50,2,1144,55.507,10.8527,0.5551,6.7442,52.6135,3.7253,7,7,"research_candidate"
193,BTC,10,30,60,2,1079,55.4217,10.8434,0.5542,6.5802,52.4418,3.5618,7,6,"research_candidate"
194,ETH,10,60,40,2,8440,55.4265,10.8428,0.5543,6.5895,54.3639,9.9707,7,7,"research_candidate"
195,BTC,30,40,55,2,1839,55.4105,10.8211,0.5541,6.5587,53.1298,4.6405,7,6,"research_candidate"
196,SOL,10,30,55,2,3070,55.4723,10.8143,0.5547,6.6775,53.7085,6.0642,7,7,"research_candidate"
197,BTC,5,10,30,2,1711,55.4062,10.8124,0.5541,6.5504,53.0414,4.4725,7,7,"research_candidate"
198,ETH,5,40,40,2,6165,55.4096,10.8104,0.5541,6.5569,54.1658,8.4949,7,7,"research_candidate"
199,SOL,5,50,95,2,1595,55.4859,10.8091,0.5549,6.7036,53.0366,4.3819,7,6,"research_candidate"
200,ETH,5,60,60,2,4384,55.406,10.8071,0.5541,6.55,53.9305,7.1588,7,7,"research_candidate"
