"asset","offset_seconds","depth","threshold_bps","catalog_equivalent_rows","entries","settled_trades","wins","losses","ties","win_rate_pct","roi_pct_at_0_55","pnl_units_at_0_55","break_even_entry_price","wilson_lower_win_rate_pct","z_score","avg_abs_deviation_bps","avg_signed_deviation_bps","trades_per_day","max_drawdown_units","longest_loss_streak","active_months","profitable_active_months","worst_month_roi_pct_at_0_55","best_month_roi_pct_at_0_55","suitability_at_0_55"
"SOL","10","10","65","2","521","512","295","217","9","57.6172","4.6763","13.4","0.5762","53.2956","3.4471","92.4848","6.3912","2.8626","13","8","5","4","-5.7416","15.5425","research_candidate"
"SOL","5","10","60","2","708","696","399","297","12","57.3276","4.1602","16.2","0.5733","53.6227","3.8663","85.4269","4.7254","3.8901","9","7","6","5","-2.5974","11.811","research_candidate"
"SOL","10","20","80","2","762","749","429","320","13","57.2764","4.0682","17.05","0.5728","53.7054","3.9828","114.0539","0.246","4.1868","11","6","6","4","-2.5974","7.3741","research_candidate"
"SOL","5","40","95","2","1218","1201","684","517","17","56.9525","3.5005","23.45","0.5695","54.1344","4.8189","137.3449","-6.7333","6.6923","13","7","7","3","-5.4545","10.3765","reject"
"SOL","10","10","60","2","662","652","371","281","10","56.9018","3.4057","12.4","0.569","53.0711","3.5247","86.067","5.1262","3.6374","11","8","6","5","-2.0979","10.83","research_candidate"
"SOL","5","30","90","2","960","946","538","408","14","56.871","3.3523","17.7","0.5687","53.6935","4.2267","129.4028","-6.0444","5.2747","10","7","7","3","-9.0909","8.453","reject"
"SOL","5","20","80","2","780","767","436","331","13","56.8449","3.2984","14.15","0.5684","53.3141","3.7913","114.0241","2.6052","4.2857","11","8","6","4","-9.0909","10.8647","research_candidate"
"BTC","30","10","45","2","514","514","292","222","0","56.8093","3.2897","9.3","0.5681","52.4921","3.0876","62.5247","3.3079","2.8242","11","6","6","4","-13.4199","5.5718","research_candidate"
"SOL","10","20","70","2","1105","1089","618","471","16","56.7493","3.1345","19.05","0.5675","53.7881","4.4545","101.8385","-1.5305","6.0714","14","8","7","3","-9.0909","9.1411","reject"
"SOL","30","20","70","2","1064","1049","594","455","15","56.6254","2.9135","17.05","0.5663","53.6075","4.2917","101.1447","-1.4953","5.8462","13","5","7","5","-9.0909","6.7821","watch_only"
"SOL","5","20","90","2","531","521","295","226","10","56.6219","2.8933","8.45","0.5662","52.3331","3.0229","127.8196","-0.455","2.9176","8","8","6","4","-6.0606","15.7025","watch_only"
"BTC","10","20","40","2","1822","1822","1031","791","0","56.5862","2.8839","28.9","0.5659","54.2988","5.6226","60.6082","-1.806","10.011","18","10","7","4","-16.6667","13.6364","watch_only"
"SOL","10","20","90","2","526","516","292","224","10","56.5891","2.8344","8.2","0.5659","52.2794","2.9935","127.4499","0.3705","2.8901","7","6","6","3","-2.0661","18.5771","watch_only"
"SOL","10","20","75","2","921","907","513","394","14","56.5601","2.7934","14.15","0.5656","53.3132","3.9513","107.7296","0.9679","5.0604","11","7","6","5","-2.8851","10.5169","watch_only"
"SOL","10","30","75","2","1534","1514","856","658","20","56.539","2.7616","23.3","0.5654","54.0285","5.0886","111.1858","-6.0369","8.4286","20","8","7","5","-11.5479","7.4508","watch_only"
"SOL","5","20","65","2","1384","1366","772","594","18","56.5154","2.7194","20.7","0.5652","53.8718","4.8161","95.5929","-0.7334","7.6044","19","11","7","4","-8.9542","9.0909","watch_only"
"SOL","10","10","50","2","1125","1108","626","482","17","56.4982","2.6828","16.6","0.565","53.5615","4.3261","73.0722","1.2923","6.1813","10","7","7","5","-7.1567","19.1223","watch_only"
"SOL","5","40","85","2","1621","1602","905","697","19","56.4919","2.6807","23.9","0.5649","54.0515","5.1968","125.5721","-6.244","8.9066","14","7","7","3","-5.3549","8.3169","reject"
"BTC","10","50","45","2","3704","3704","2091","1613","0","56.4525","2.6409","53.8","0.5645","54.8498","7.854","72.8254","-4.2969","20.3516","19","9","7","5","-8.1908","5.3105","watch_only"
"SOL","10","30","85","2","1111","1095","618","477","16","56.4384","2.5775","15.75","0.5644","53.484","4.261","123.1466","-5.2381","6.1044","11","8","7","3","-12.7273","6.917","reject"
"SOL","10","30","90","2","941","927","523","404","14","56.4186","2.5408","13.15","0.5642","53.2064","3.9085","129.5783","-5.2371","5.1703","11","11","7","4","-9.0909","6.9836","watch_only"
"SOL","30","10","60","2","588","578","326","252","10","56.4014","2.5046","8.1","0.564","52.3295","3.078","86.2474","6.5402","3.2308","7","6","6","4","-0.3431","10.6202","watch_only"
"SOL","5","10","65","2","551","541","305","236","10","56.3771","2.4583","7.45","0.5638","52.1677","2.9665","92.0254","6.8572","3.0275","9","7","6","4","-18.1818","27.2727","watch_only"
"BTC","5","20","35","2","2486","2486","1400","1086","0","56.3154","2.3916","32.7","0.5632","54.3573","6.2977","54.9474","-1.5955","13.6593","21","11","7","4","-12.0235","10.2832","watch_only"
"BTC","5","20","40","2","1861","1861","1048","813","0","56.3138","2.3887","24.45","0.5631","54.0496","5.4475","60.8755","-1.3057","10.2253","21","10","7","4","-22.6306","11.6427","watch_only"
"SOL","5","30","85","2","1130","1115","628","487","15","56.3229","2.3733","14.75","0.5632","53.3948","4.2226","123.0852","-5.4476","6.2088","11","8","7","3","-5.4545","6.7923","reject"
"SOL","5","20","70","2","1149","1133","638","495","16","56.3107","2.3499","14.85","0.5631","53.406","4.2484","101.3341","-0.3742","6.3132","16","8","7","3","-9.0909","11.437","reject"
"BTC","30","40","45","2","2903","2903","1634","1269","0","56.2866","2.3393","37.35","0.5629","54.475","6.7744","70.8352","-3.9993","15.9505","17","9","7","5","-9.0909","5.0254","watch_only"
"SOL","5","30","95","2","829","817","460","357","12","56.3035","2.3358","10.65","0.563","52.8807","3.6035","135.2328","-5.7822","4.5549","9","8","6","3","-11.8457","7.5188","watch_only"
"SOL","30","20","80","2","702","691","389","302","11","56.2952","2.3181","8.95","0.563","52.5721","3.3096","114.8937","0.7619","3.8571","11","8","6","2","-9.0909","8.5375","reject"
"SOL","10","40","70","2","2489","2460","1384","1076","29","56.2602","2.2645","31","0.5626","54.2916","6.2099","108.0767","-5.9683","13.6758","15","9","7","4","-5.9591","7.1413","watch_only"
"SOL","10","40","85","2","1584","1566","881","685","18","56.258","2.2612","19.7","0.5626","53.7886","4.9529","126.0516","-6.1727","8.7033","13","7","7","3","-9.0909","7.0396","reject"
"BTC","10","20","35","2","2458","2458","1382","1076","0","56.2246","2.2265","30.1","0.5622","54.2551","6.1721","54.5675","-1.7726","13.5055","21","10","7","4","-9.0909","12.8527","watch_only"
"SOL","10","20","85","2","613","601","338","263","12","56.2396","2.2097","7.45","0.5624","52.2461","3.0593","121.7439","1.0105","3.3681","9","6","6","4","-5.1383","14.4781","watch_only"
"SOL","5","40","90","2","1406","1389","781","608","17","56.2275","2.2048","17.05","0.5623","53.6048","4.6419","131.3668","-4.3881","7.7253","13","7","7","4","-6.1584","6.4712","watch_only"
"SOL","10","40","80","2","1819","1800","1012","788","19","56.2222","2.199","22","0.5622","53.9194","5.2797","120.428","-6.1685","9.9945","12","8","7","3","-9.0909","7.4723","reject"
"BTC","30","60","55","2","2920","2920","1641","1279","0","56.1986","2.1793","35","0.562","54.3921","6.6991","86.0165","-4.9061","16.044","16","9","7","5","-10.3362","5.7851","watch_only"
"SOL","10","20","65","2","1366","1349","758","591","17","56.1898","2.1363","16.05","0.5619","53.5282","4.5468","95.2598","-1.1594","7.5055","19","11","7","4","-9.0909","7.0392","watch_only"
"SOL","30","20","85","2","583","573","322","251","10","56.1955","2.1363","6.85","0.562","52.1051","2.9661","121.5405","0.5006","3.2033","8","8","6","2","-13.0435","8.06","reject"
"SOL","5","40","80","2","1860","1839","1033","806","21","56.1718","2.1065","21.55","0.5617","53.8935","5.2934","120.0132","-5.588","10.2198","12","7","7","2","-6.936","7.7227","reject"
"SOL","30","20","75","2","857","842","473","369","15","56.1758","2.1004","9.9","0.5618","52.8038","3.5841","108.0749","-1.0754","4.7088","11","7","6","4","-6.6629","6.3573","watch_only"
"SOL","30","30","65","2","2085","2064","1159","905","21","56.1531","2.0754","23.8","0.5615","54.0029","5.5909","98.9671","-4.2571","11.456","19","8","7","4","-12.7273","8.0656","watch_only"
"BTC","5","30","40","2","2861","2861","1606","1255","0","56.1342","2.0622","32.45","0.5613","54.3089","6.5622","63.2103","-2.5685","15.7198","19","9","7","4","-10.303","5.6384","watch_only"
"SOL","10","30","100","2","702","691","388","303","11","56.1505","2.0591","7.95","0.5615","52.4268","3.2336","141.3804","-4.6884","3.8571","9","8","6","3","-15.5844","11.1111","watch_only"
"SOL","5","30","80","2","1335","1318","740","578","17","56.1457","2.0565","15.1","0.5615","53.4527","4.4623","116.8573","-5.7643","7.3352","15","8","7","3","-12.0235","6.9477","reject"
"BTC","10","40","45","2","2945","2945","1653","1292","0","56.129","2.0528","33.25","0.5613","54.33","6.6522","71.3062","-3.4003","16.1813","19","9","7","5","-14.2857","6.9163","watch_only"
"SOL","30","30","75","2","1482","1466","823","643","16","56.1392","2.0488","16.7","0.5614","53.5862","4.7012","110.889","-6.7056","8.1429","18","7","7","4","-7.1228","8.2946","watch_only"
"ETH","5","20","80","2","688","688","386","302","0","56.1047","2.0085","7.6","0.561","52.3726","3.2025","113.9367","2.9975","3.7802","13","7","6","2","-24.2424","13.4545","reject"
"BTC","10","30","40","2","2811","2811","1577","1234","0","56.101","2.0019","30.95","0.561","54.2594","6.4694","63.1329","-2.3489","15.4451","19","9","7","5","-12.9321","5.6338","watch_only"
"SOL","5","40","70","2","2514","2481","1392","1089","33","56.1064","1.9852","27.45","0.5611","54.1457","6.0832","108.1598","-5.4764","13.8132","14","9","7","4","-4.0553","7.0578","watch_only"
"SOL","5","20","75","2","940","925","519","406","15","56.1081","1.9826","10.25","0.5611","52.8913","3.7154","107.7913","0.9961","5.1648","12","12","7","5","-18.1818","10.5169","watch_only"
"SOL","10","20","55","2","2025","2000","1122","878","25","56.1","1.9753","22","0.561","53.9154","5.456","83.6423","-1.5991","11.1264","21","7","7","5","-8.7533","6.9224","watch_only"
"ETH","10","20","75","2","797","797","447","350","0","56.0853","1.9733","8.65","0.5609","52.6187","3.4359","108.0311","2.3238","4.3791","10","8","6","3","-21.2121","6.9199","watch_only"
"ETH","10","20","80","2","674","674","378","296","0","56.0831","1.9692","7.3","0.5608","52.3123","3.1585","113.6172","2.8642","3.7033","11","7","6","3","-36.7589","10.7955","watch_only"
"ETH","5","10","55","2","774","774","434","340","0","56.0724","1.9497","8.3","0.5607","52.5544","3.3788","79.7453","2.4425","4.2527","13","9","6","3","-32.6599","7.7441","watch_only"
"BTC","5","40","45","2","2948","2948","1653","1295","0","56.0719","1.9489","31.6","0.5607","54.2736","6.5935","71.7128","-3.0797","16.1978","18","9","7","5","-14.2857","8.2536","watch_only"
"SOL","30","40","90","2","1354","1338","750","588","16","56.0538","1.8934","14.1","0.5605","53.3808","4.4288","130.8736","-6.6894","7.4396","13","7","7","3","-9.0909","5.6218","reject"
"SOL","10","30","70","2","1817","1795","1006","789","22","56.0446","1.8762","18.75","0.5604","53.7379","5.1219","105.1559","-5.0105","9.9835","17","9","7","3","-9.0909","6.5049","reject"
"SOL","5","30","70","2","1831","1808","1013","795","23","56.0288","1.847","18.6","0.5603","53.7304","5.1269","105.4569","-3.636","10.0604","16","7","7","3","-11.2051","7.5226","reject"
"SOL","5","30","65","2","2175","2149","1204","945","26","56.0261","1.8433","22.05","0.5603","53.9185","5.587","99.4339","-3.6817","11.9505","20","7","7","5","-3.8898","6.1265","watch_only"
"BTC","30","20","40","2","1746","1746","978","768","0","56.0137","1.8432","17.7","0.5601","53.6748","5.0257","60.1954","-1.493","9.5934","18","9","7","4","-19.1919","11.244","watch_only"
"SOL","10","40","95","2","1213","1196","670","526","17","56.0201","1.8287","12.2","0.5602","53.1921","4.1639","137.0579","-7.381","6.6648","13","6","7","3","-5.4545","6.2389","reject"
"BTC","5","50","45","2","3732","3732","2090","1642","0","56.0021","1.8221","37.4","0.56","54.4042","7.3334","72.9848","-3.8913","20.5055","19","9","7","5","-6.3361","5.0505","watch_only"
"BTC","5","30","35","2","3775","3775","2114","1661","0","56","1.8182","37.75","0.56","54.4112","7.3729","56.9499","-2.3613","20.7418","20","9","7","4","-3.3816","8.9063","watch_only"
"BTC","30","50","50","2","2959","2959","1657","1302","0","55.9986","1.8157","29.55","0.56","54.2034","6.5261","78.4053","-4.3608","16.2582","19","9","7","4","-7.8456","5.419","watch_only"
"SOL","5","20","60","2","1692","1673","937","736","19","56.0072","1.8107","16.85","0.5601","53.6175","4.9141","89.5382","-1.6622","9.2967","18","7","7","2","-6.1364","6.0466","reject"
"SOL","10","30","80","2","1308","1291","723","568","17","56.0031","1.8001","12.95","0.56","53.2815","4.3139","117.0159","-7.3075","7.1868","12","7","7","3","-15.1515","6.0241","reject"
"SOL","5","30","75","2","1569","1550","868","682","19","56","1.7962","15.5","0.56","53.517","4.7244","110.9793","-5.8955","8.6209","20","11","7","5","-14.1414","7.7632","watch_only"
"BTC","5","60","50","2","3633","3633","2034","1599","0","55.9868","1.7942","35.85","0.5599","54.3671","7.217","80.4498","-4.1499","19.9615","18","9","7","5","-11.0251","5.7851","watch_only"
"SOL","10","40","75","2","2117","2093","1172","921","24","55.9962","1.7907","20.85","0.56","53.8605","5.4864","114.3715","-5.3728","11.6319","14","9","7","3","-6.871","6.5789","reject"
"BTC","30","20","35","2","2351","2351","1316","1035","0","55.9762","1.7749","22.95","0.5598","53.9614","5.7954","54.324","-1.5685","12.9176","23","10","7","4","-10.6317","8.2452","watch_only"
"BTC","10","60","50","2","3592","3592","2010","1582","0","55.9577","1.7412","34.4","0.5596","54.3287","7.1413","80.4239","-4.6399","19.7363","17","9","7","5","-13.8756","4.8406","watch_only"
"ETH","5","30","100","2","638","638","357","281","0","55.9561","1.7384","6.1","0.5596","52.0796","3.0089","141.2937","2.6343","3.5055","10","7","5","3","-5.805","5.9289","watch_only"
"ETH","5","10","20","2","6532","6525","3651","2874","7","55.954","1.7327","62.25","0.5595","54.7463","9.619","36.0844","-0.6701","35.8901","22","10","7","6","-1.6942","7.2093","watch_only"
"BTC","10","40","40","2","3786","3786","2118","1668","0","55.9429","1.7145","35.7","0.5594","54.3563","7.3134","64.874","-3.4512","20.8022","18","9","7","5","-7.197","5.645","watch_only"
"SOL","30","40","70","2","2450","2422","1355","1067","28","55.9455","1.6994","22.9","0.5595","53.9604","5.852","107.5015","-5.4785","13.4615","17","9","7","4","-7.6579","5.749","watch_only"
"BTC","10","30","35","2","3758","3758","2102","1656","0","55.934","1.6982","35.1","0.5593","54.3414","7.2754","56.6386","-2.3543","20.6484","19","9","7","3","-3.5061","9.4668","reject"
"BTC","5","60","55","2","3004","3004","1680","1324","0","55.9254","1.6826","27.8","0.5593","54.1435","6.4953","86.3214","-4.9773","16.5055","17","9","7","4","-10.2417","6.5831","watch_only"
"SOL","30","40","85","2","1544","1525","853","672","19","55.9344","1.678","14.25","0.5593","53.4308","4.6349","125.5148","-6.4189","8.4835","13","8","7","3","-9.0909","6.3588","reject"
"SOL","10","40","90","2","1400","1382","773","609","18","55.9334","1.6753","12.9","0.5593","53.303","4.4115","131.1147","-7.2496","7.6923","14","7","7","4","-3.474","5.7662","watch_only"
"ETH","5","20","20","2","10692","10679","5970","4709","13","55.9041","1.6418","96.55","0.559","54.9605","12.2025","39.6669","-1.0626","58.7473","21","11","7","5","-0.9648","11.8106","watch_only"
"ETH","5","40","35","2","7647","7639","4270","3369","8","55.8974","1.6299","68.55","0.559","54.7812","10.3088","65.246","-3.0288","42.0165","26","10","7","5","-1.7593","11.1946","watch_only"
"BTC","30","50","45","2","3648","3648","2038","1610","0","55.8662","1.575","31.6","0.5587","54.2495","7.0862","72.5342","-4.018","20.044","18","9","7","5","-0.9498","3.6317","watch_only"
"SOL","30","40","80","2","1800","1779","994","785","21","55.8741","1.5707","15.55","0.5587","53.5565","4.9552","119.3918","-6.9853","9.8901","16","9","7","3","-13.0435","7.2448","reject"
"BTC","10","50","40","2","4687","4687","2618","2069","0","55.8566","1.5575","40.15","0.5586","54.4308","8.0191","66.4394","-3.5829","25.7527","21","9","7","5","-6.8736","4.6938","watch_only"
"SOL","30","20","55","2","1961","1937","1082","855","24","55.8596","1.5437","16.65","0.5586","53.6388","5.1578","83.023","-1.5939","10.7747","20","7","7","4","-9.484","8.3563","watch_only"
"SOL","30","30","85","2","1074","1058","591","467","16","55.8601","1.5405","9.1","0.5586","52.8521","3.8122","122.6784","-6.823","5.9011","10","7","7","3","-13.4199","5.0977","reject"
"SOL","5","30","55","2","3162","3122","1743","1379","40","55.8296","1.4893","25.9","0.5583","54.0815","6.5146","86.9566","-3.6989","17.3736","22","9","7","4","-4.1051","4.8893","watch_only"
"BTC","10","30","45","2","2184","2184","1219","965","0","55.815","1.4819","17.8","0.5582","53.7238","5.4351","69.0918","-2.5709","12","19","10","7","4","-22.5589","7.8118","watch_only"
"SOL","5","50","90","2","1836","1811","1011","800","25","55.8255","1.4805","14.95","0.5583","53.5284","4.9582","133.4916","-7.0941","10.0879","16","7","7","3","-1.5488","5.1693","reject"
"BTC","10","50","60","2","2014","2014","1124","890","0","55.8093","1.4715","16.3","0.5581","53.6314","5.2142","90.6959","-5.9698","11.0659","17","9","7","4","-26.499","6.1425","watch_only"
"BTC","30","30","40","2","2747","2747","1533","1214","0","55.8063","1.4661","22.15","0.5581","53.9423","6.0864","62.7079","-2.381","15.0934","20","9","7","4","-11.4833","4.56","watch_only"
"BTC","10","30","50","2","1699","1699","948","751","0","55.7975","1.4501","13.55","0.558","53.4256","4.7794","75.2948","-3.4587","9.3352","17","9","7","5","-25.4079","6.4593","watch_only"
"ETH","5","50","40","2","7352","7345","4098","3247","7","55.7931","1.4405","58.25","0.5579","54.6545","9.9296","74.136","-3.6755","40.3956","25","9","7","4","-2.916","6.4701","watch_only"
"SOL","5","30","100","2","711","699","390","309","12","55.794","1.4193","5.55","0.5579","52.0905","3.0637","141.5334","-4.2725","3.9066","9","8","6","3","-3.7794","9.0909","watch_only"
"SOL","5","30","60","2","2589","2560","1428","1132","29","55.7813","1.4045","20","0.5578","53.8501","5.8502","93.5176","-3.6187","14.2253","16","8","7","3","-5.6211","6.2552","reject"
"SOL","5","20","50","2","2549","2517","1404","1113","32","55.7807","1.4016","19.65","0.5578","53.8331","5.8003","77.7478","-1.417","14.0055","32","9","7","6","-10.3482","5.3909","watch_only"
"BTC","5","30","45","2","2184","2184","1218","966","0","55.7692","1.3986","16.8","0.5577","53.6779","5.3923","69.6697","-2.819","12","21","12","7","4","-27.2727","5.4545","watch_only"
"SOL","10","30","65","2","2155","2132","1189","943","23","55.7692","1.3837","16.4","0.5577","53.6525","5.3277","99.2318","-4.2228","11.8407","19","8","7","2","-5.303","5.8878","reject"
"BTC","5","20","30","2","3420","3420","1907","1513","0","55.7602","1.3822","26","0.5576","54.0901","6.7373","48.7794","-1.4009","18.7912","21","10","7","4","-6.1694","8.8965","watch_only"
"SOL","10","40","100","2","1065","1049","585","464","16","55.7674","1.3743","8.05","0.5577","52.7462","3.7359","142.5531","-7.8648","5.8516","12","6","7","3","-13.2231","6.8237","reject"
"BTC","5","60","60","2","2513","2513","1401","1112","0","55.7501","1.3638","18.85","0.5575","53.8008","5.765","91.9666","-5.7016","13.8077","16","9","7","5","-13.7134","3.4588","watch_only"
"ETH","10","20","20","2","10607","10592","5905","4687","15","55.7496","1.361","79.4","0.5575","54.8018","11.8347","39.5332","-1.1901","58.2802","23","10","7","5","-1.2608","12.4456","watch_only"
"ETH","10","50","45","2","6036","6031","3362","2669","5","55.7453","1.354","44.95","0.5575","54.4885","8.9236","80.7169","-4.1334","33.1648","24","9","7","4","-5.805","8.2737","watch_only"
"SOL","5","40","75","2","2136","2113","1178","935","23","55.7501","1.3492","15.85","0.5575","53.6238","5.2864","114.5069","-5.3595","11.7363","13","9","7","2","-7.3897","7.08","reject"
"SOL","30","30","70","2","1758","1740","970","770","18","55.7471","1.3445","13","0.5575","53.4032","4.7946","104.8483","-4.8518","9.6593","21","9","7","4","-7.4014","6.5688","watch_only"
"SOL","5","20","55","2","2060","2036","1135","901","24","55.7466","1.3416","15.2","0.5575","53.5803","5.1859","83.7889","-1.1172","11.3187","15","6","7","4","-8.0327","6.7194","watch_only"
"SOL","30","20","50","2","2423","2393","1334","1059","30","55.7459","1.3394","17.85","0.5575","53.7482","5.6216","77.1776","-2.0655","13.3132","27","7","7","4","-8.3838","5.6448","watch_only"
"BTC","5","40","40","2","3827","3827","2133","1694","0","55.7356","1.3374","28.15","0.5574","54.1569","7.0964","64.97","-3.1292","21.0275","19","9","7","4","-8.1537","4.4104","watch_only"
"BTC","30","60","45","2","4391","4391","2447","1944","0","55.7276","1.323","31.95","0.5573","54.2541","7.5908","73.8096","-4.299","24.1264","18","9","7","5","-4.6921","3.8961","watch_only"
"SOL","10","30","95","2","815","802","447","355","13","55.7357","1.3162","5.9","0.5574","52.2788","3.2486","135.303","-5.3417","4.478","10","9","6","3","-9.0909","5.9685","watch_only"
"SOL","5","40","100","2","1071","1055","588","467","16","55.7346","1.3157","7.75","0.5573","52.7219","3.7253","142.8166","-6.8567","5.8846","12","6","7","3","-13.2231","6.2143","reject"
"ETH","10","20","85","2","551","551","307","244","0","55.7169","1.3034","3.95","0.5572","51.5439","2.6839","120.5442","5.4474","3.0275","12","9","5","3","-11.6883","6.4832","watch_only"
"BTC","10","60","55","2","2974","2974","1657","1317","0","55.7162","1.3022","21.3","0.5572","53.9247","6.2346","86.2334","-5.0382","16.3407","17","9","7","4","-9.0909","5.4779","watch_only"
"ETH","10","30","30","2","7715","7707","4294","3413","8","55.7156","1.2997","55.15","0.5572","54.604","10.0354","56.0891","-2.5758","42.3901","23","10","7","5","-0.1608","13.8211","watch_only"
"BTC","10","60","45","2","4410","4410","2457","1953","0","55.7143","1.2987","31.5","0.5571","54.2439","7.5895","74.2887","-4.5068","24.2308","19","9","7","5","-9.0909","3.7938","watch_only"
"ETH","30","20","30","2","5378","5372","2993","2379","6","55.7148","1.2982","38.4","0.5571","54.3829","8.3772","52.9322","-1.7488","29.5495","16","9","7","5","-1.7977","3.9739","watch_only"
"ETH","5","50","35","2","9012","9002","5015","3987","10","55.7098","1.2892","63.9","0.5571","54.6815","10.8349","67.3717","-3.511","49.5165","26","9","7","5","-2.733","4.9672","watch_only"
"ETH","5","30","30","2","7771","7762","4324","3438","9","55.7073","1.2845","54.9","0.5571","54.5997","10.0565","56.2442","-2.5954","42.6978","24","10","7","7","0.1435","11.0283","watch_only"
"BTC","30","60","50","2","3549","3549","1977","1572","0","55.7058","1.2833","25.05","0.5571","54.0663","6.7983","80.0635","-4.7205","19.5","18","9","7","5","-14.0859","4.9323","watch_only"
"ETH","5","40","30","2","9553","9542","5315","4227","11","55.7011","1.2733","66.9","0.557","54.7023","11.1381","58.695","-2.7236","52.489","21","10","7","4","-0.8504","3.4785","watch_only"
"BTC","10","40","50","2","2336","2336","1301","1035","0","55.6935","1.2609","16.2","0.5569","53.6713","5.5036","77.5211","-4.2619","12.8352","17","9","7","5","-16.7951","8.3004","watch_only"
"BTC","30","30","45","2","2099","2099","1169","930","0","55.6932","1.2603","14.55","0.5569","53.5596","5.2166","68.971","-3.1848","11.533","19","11","7","5","-19.5804","4.9869","watch_only"
"BTC","30","50","40","2","4620","4620","2573","2047","0","55.6926","1.2593","32","0.5569","54.2561","7.7386","66.1783","-3.9134","25.3846","21","9","7","5","-2.439","5.5076","watch_only"
"BTC","30","30","50","2","1634","1634","910","724","0","55.6916","1.2574","11.3","0.5569","53.2724","4.6014","75.1344","-3.6327","8.978","16","9","7","5","-20.7459","8.453","watch_only"
"SOL","10","20","60","2","1664","1641","914","727","23","55.6977","1.2511","11.45","0.557","53.2838","4.6162","89.3635","-1.3617","9.1429","17","6","7","3","-7.238","5.9724","reject"
"BTC","5","30","55","2","1381","1381","769","612","0","55.6843","1.2442","9.45","0.5568","53.0521","4.2248","81.337","-3.9289","7.5879","14","9","7","4","-35.4839","11.2853","watch_only"
"BTC","30","50","35","2","5948","5948","3312","2636","0","55.6826","1.2411","40.6","0.5568","54.4169","8.7652","59.7552","-3.5825","32.6813","21","10","7","5","-2.2259","4.557","watch_only"
"BTC","30","40","40","2","3709","3709","2065","1644","0","55.6754","1.228","25.05","0.5568","54.0716","6.9128","64.6361","-3.1064","20.3791","20","9","7","4","-3.666","3.4037","watch_only"
"BTC","5","60","45","2","4458","4458","2482","1976","0","55.6752","1.2276","30.1","0.5568","54.2126","7.5785","74.329","-4.2386","24.4945","18","9","7","5","-6.0606","3.2639","watch_only"
"BTC","30","40","50","2","2310","2310","1286","1024","0","55.671","1.22","15.5","0.5567","53.6374","5.4512","76.8647","-3.6914","12.6923","17","9","7","5","-16.7951","5.8586","watch_only"
"ETH","10","20","40","2","3276","3273","1822","1451","3","55.6676","1.2127","21.85","0.5567","53.96","6.4849","66.4187","-1.7343","18","17","9","7","5","-3.5477","4.3124","watch_only"
"ETH","5","50","45","2","6104","6099","3395","2704","5","55.6649","1.2079","40.55","0.5566","54.4149","8.8481","80.6201","-4.2591","33.5385","25","9","7","5","-5.6277","7.0707","watch_only"
"ETH","5","10","15","2","10100","10088","5615","4473","12","55.6602","1.1989","66.6","0.5566","54.6888","11.3701","29.4281","-0.6366","55.4945","24","12","7","5","-2.3104","9.1726","watch_only"
"BTC","30","50","60","2","1964","1964","1093","871","0","55.6517","1.185","12.8","0.5565","53.4456","5.0094","90.5219","-5.1069","10.7912","16","8","7","4","-22.0779","6.6116","watch_only"
"ETH","10","40","25","2","12255","12234","6808","5426","21","55.6482","1.1765","79.3","0.5565","54.7662","12.4946","51.5691","-2.2184","67.3352","24","10","7","6","-0.1651","4.6832","watch_only"
"BTC","5","50","40","2","4725","4725","2629","2096","0","55.6402","1.164","30.25","0.5564","54.2196","7.754","66.5594","-3.6803","25.9615","21","9","7","5","-3.5892","4.9351","watch_only"
"BTC","30","60","40","2","5541","5541","3083","2458","0","55.6398","1.1632","35.45","0.5564","54.3282","8.3963","67.2906","-3.8866","30.4451","19","10","7","6","-0.7851","4.4814","watch_only"
"ETH","5","60","45","2","7101","7095","3947","3148","6","55.6307","1.1458","44.75","0.5563","54.4719","9.4857","82.4953","-4.6136","39.0165","26","9","7","5","-3.7849","3.8095","watch_only"
"ETH","30","30","100","2","604","604","336","268","0","55.6291","1.1439","3.8","0.5563","51.6437","2.7669","140.5632","1.1276","3.3187","9","6","5","2","-9.0909","7.3137","reject"
"ETH","30","10","25","2","3958","3955","2200","1755","3","55.6258","1.1369","24.75","0.5563","54.0727","7.076","42.443","-1.1353","21.7473","18","8","7","5","-1.7447","7.5897","watch_only"
"ETH","5","30","35","2","6126","6120","3403","2717","6","55.6046","1.0982","37","0.556","54.3566","8.769","62.6549","-2.5113","33.6593","23","11","7","5","-1.4021","10.4972","watch_only"
"SOL","30","40","75","2","2096","2072","1152","920","24","55.5985","1.0756","12.4","0.556","53.4507","5.0967","113.4609","-5.9119","11.5165","19","9","7","3","-12.8788","6.6039","reject"
"ETH","30","20","40","2","3124","3121","1735","1386","3","55.5912","1.0738","18.45","0.5559","53.8421","6.2471","66.3318","-1.7443","17.1648","18","9","7","4","-8.4967","4.6252","watch_only"
"ETH","10","10","25","2","4307","4305","2393","1912","2","55.5865","1.0659","25.25","0.5559","54.0979","7.3309","42.5867","-1.0668","23.6648","18","10","7","5","-1.0134","8.0477","watch_only"
"SOL","5","40","65","2","2970","2934","1631","1303","36","55.5896","1.0591","17.3","0.5559","53.7856","6.0554","101.9235","-5.178","16.3187","16","9","7","3","-6.1957","9.0909","reject"
"ETH","5","20","75","2","833","833","463","370","0","55.5822","1.0586","4.85","0.5558","52.19","3.2223","107.5922","1.83","4.5769","14","8","6","3","-21.2121","7.7012","watch_only"
"SOL","10","30","60","2","2570","2542","1413","1129","28","55.5862","1.0541","14.9","0.5559","53.6476","5.6329","93.2836","-3.9219","14.1209","24","9","7","3","-5.378","5.4657","reject"
"ETH","10","50","35","2","8969","8959","4979","3980","10","55.5754","1.045","51.55","0.5558","54.5443","10.5545","67.2645","-3.6164","49.2802","27","10","7","5","-3.3838","5.9561","watch_only"
"BTC","5","40","50","2","2377","2377","1321","1056","0","55.5743","1.0441","13.65","0.5557","53.5693","5.4354","77.5497","-4.1445","13.0604","17","9","7","5","-18.1818","5.6721","watch_only"
"ETH","30","30","30","2","7635","7626","4238","3388","9","55.573","1.0407","43.7","0.5557","54.4553","9.7335","55.5317","-2.4732","41.9505","29","10","7","6","-3.474","7.4031","watch_only"
"ETH","10","40","35","2","7579","7570","4206","3364","9","55.5614","1.0196","42.5","0.5556","54.4395","9.6775","65.2183","-3.1211","41.6429","29","10","7","5","-3.3686","11.9459","watch_only"
"ETH","10","10","15","2","9953","9941","5523","4418","12","55.5578","1.0129","55.45","0.5556","54.579","11.0827","29.2995","-0.721","54.6868","25","11","7","5","-1.5423","6.9632","watch_only"
"BTC","10","50","55","2","2439","2439","1355","1084","0","55.5556","1.0101","13.55","0.5556","53.5763","5.4874","84.898","-5.1675","13.4011","17","9","7","4","-13.7134","6.305","watch_only"
"ETH","10","40","30","2","9513","9501","5278","4223","12","55.552","1.0025","52.45","0.5555","54.5508","10.8235","58.54","-2.8441","52.2692","26","10","7","4","-2.2333","4.227","watch_only"
"ETH","10","20","45","2","2622","2621","1456","1165","1","55.5513","1.002","14.45","0.5555","53.6422","5.6841","72.4113","-1.9335","14.4066","23","8","7","4","-10.6061","7.7441","watch_only"
"SOL","30","20","40","2","3889","3823","2124","1699","66","55.5585","0.9982","21.35","0.5556","53.9785","6.8736","64.7885","-1.8096","21.3681","24","10","7","3","-3.9856","7.0668","reject"
"ETH","5","60","55","2","5158","5154","2863","2291","4","55.5491","0.9976","28.3","0.5555","54.1888","7.9675","94.9112","-5.0209","28.3407","22","9","7","4","-6.014","8.3685","watch_only"
"SOL","30","40","100","2","1013","999","555","444","14","55.5556","0.9961","5.55","0.5556","52.4587","3.5119","143.0285","-7.4648","5.5659","11","6","7","2","-9.0909","6.8535","reject"
"ETH","5","20","25","2","7695","7687","4270","3417","8","55.5483","0.9959","42.15","0.5555","54.435","9.7291","46.4199","-1.4771","42.2802","21","11","7","5","-0.4921","11.412","watch_only"
"BTC","30","10","40","2","713","713","396","317","0","55.54","0.9818","3.85","0.5554","51.8724","2.9586","56.932","1.4766","3.9176","9","6","6","5","-1.354","2.5641","watch_only"
"BTC","10","20","30","2","3412","3412","1895","1517","0","55.5393","0.9805","18.4","0.5554","53.8666","6.4712","48.3477","-1.7769","18.7473","20","10","7","4","-8.1134","10.2832","watch_only"
"BTC","30","70","45","2","5166","5166","2869","2297","0","55.5362","0.9749","27.7","0.5554","54.1775","7.9583","74.6805","-4.4008","28.3846","17","9","7","4","-4.1096","3.7368","watch_only"
"BTC","5","40","55","2","1929","1929","1071","858","0","55.521","0.9473","10.05","0.5552","53.2945","4.8497","83.3805","-4.0804","10.5989","18","10","7","4","-24.9012","6.0606","watch_only"
"ETH","10","60","60","2","4359","4357","2419","1938","2","55.5199","0.9448","22.65","0.5552","54.04","7.287","101.4528","-5.5665","23.9505","20","9","7","4","-8.4074","10.6719","watch_only"
"ETH","5","30","25","2","10188","10177","5650","4527","11","55.5173","0.9396","52.65","0.5552","54.5499","11.1319","49.3826","-1.7475","55.978","22","10","7","5","-1.1088","8.8764","watch_only"
"ETH","5","40","25","2","12337","12317","6838","5479","20","55.5168","0.9381","63.65","0.5552","54.6375","12.2452","51.6261","-2.1524","67.7857","23","10","7","5","-1.4863","3.4772","watch_only"
"BTC","30","70","60","2","2866","2866","1591","1275","0","55.5129","0.9326","14.7","0.5551","53.6873","5.9027","93.2386","-6.0252","15.7473","17","9","7","4","-12.5432","3.5941","watch_only"
"ETH","30","60","50","2","5941","5938","3296","2642","3","55.5069","0.9212","30.1","0.5551","54.2397","8.4871","88.3105","-4.9618","32.6429","31","9","7","3","-6.1728","4.2541","reject"
"ETH","10","50","40","2","7335","7327","4067","3260","8","55.507","0.9209","37.15","0.5551","54.3665","9.4278","73.9298","-3.9088","40.3022","27","9","7","4","-4.2291","5.5195","watch_only"
"BTC","5","30","50","2","1735","1735","963","772","0","55.5043","0.917","8.75","0.555","53.1563","4.5855","75.4232","-3.7018","9.533","19","11","7","4","-31.8182","5.8688","watch_only"
"BTC","5","50","35","2","6081","6081","3375","2706","0","55.5007","0.9104","30.45","0.555","54.2486","8.579","60.0403","-2.9531","33.4121","21","10","7","4","-2.3522","3.9615","watch_only"
"SOL","5","10","50","2","1161","1144","635","509","17","55.507","0.9083","5.8","0.5551","52.6135","3.7253","73.2829","1.6859","6.3791","12","10","7","5","-1.9077","8.0369","watch_only"
"ETH","5","20","85","2","573","573","318","255","0","55.4974","0.9043","2.85","0.555","51.405","2.6319","120.2756","4.0286","3.1484","12","7","6","3","-22.0779","6.3465","watch_only"
"ETH","5","40","20","2","16284","16257","9022","7235","27","55.4961","0.9005","80.65","0.555","54.7309","14.0154","44.5369","-1.6023","89.4725","27","10","7","5","-1.3576","5.419","watch_only"
"SOL","5","20","85","2","640","627","348","279","13","55.5024","0.8949","3.15","0.555","51.5906","2.7556","120.9448","0.3166","3.5165","10","6","6","3","-6.5485","16.8831","watch_only"
"ETH","5","50","30","2","11250","11236","6235","5001","14","55.4913","0.8921","55.2","0.5549","54.5706","11.6415","60.4157","-2.8485","61.8132","27","10","7","4","-2.326","4.5925","watch_only"
"ETH","10","50","25","2","14190","14170","7863","6307","20","55.4905","0.8905","69.5","0.5549","54.6708","13.0715","53.366","-2.4693","77.967","34","10","7","4","-0.816","5.5834","watch_only"
"SOL","5","20","40","2","4149","4080","2264","1816","69","55.4902","0.8764","20","0.5549","53.9608","7.0137","64.9325","-1.3129","22.7967","22","8","7","5","-3.5927","3.5156","watch_only"
"BTC","10","10","25","2","2527","2527","1402","1125","0","55.4808","0.8742","12.15","0.5548","53.5362","5.5103","38.9392","-0.7165","13.8846","17","11","7","5","-12.1212","4.3219","watch_only"
"SOL","5","50","95","2","1619","1595","885","710","24","55.4859","0.8703","7.75","0.5549","53.0366","4.3819","139.0098","-8.1036","8.8956","14","7","7","3","-9.0909","5.1572","reject"
"ETH","5","30","20","2","13813","13792","7651","6141","21","55.4742","0.8608","65.4","0.5547","54.6433","12.8577","42.2791","-1.3243","75.8956","29","10","7","6","-0.3887","7.2544","watch_only"
"ETH","5","50","25","2","14266","14247","7903","6344","19","55.4713","0.8558","67.15","0.5547","54.6539","13.0612","53.4213","-2.3402","78.3846","35","10","7","3","-0.9337","6.1196","reject"
"ETH","5","50","50","2","5159","5156","2860","2296","3","55.4694","0.8529","24.2","0.5547","54.1092","7.8546","86.7102","-4.0847","28.3462","27","9","7","4","-5.5205","10.8344","watch_only"
"ETH","30","20","35","2","4037","4033","2237","1796","4","55.4674","0.849","18.85","0.5547","53.929","6.9442","59.7689","-1.5273","22.1813","17","9","7","5","-1.5847","1.9956","watch_only"
"SOL","10","30","55","2","3107","3070","1703","1367","37","55.4723","0.8485","14.5","0.5547","53.7085","6.0642","87.0681","-3.8967","17.0714","25","8","7","4","-5.892","4.8331","watch_only"
"SOL","10","20","45","2","3176","3128","1735","1393","48","55.4668","0.8358","14.6","0.5547","53.7194","6.1149","71.2774","-2.6106","17.4505","28","11","7","6","-9.7504","8.9713","watch_only"
"ETH","5","20","35","2","4273","4270","2368","1902","3","55.4567","0.8297","19.5","0.5546","53.9617","7.1314","60.103","-1.4029","23.478","19","9","7","6","-0.3733","2.0156","watch_only"
"ETH","10","30","25","2","10139","10127","5616","4511","12","55.4557","0.8276","46.15","0.5546","54.4858","10.9805","49.2217","-2.006","55.7088","22","10","7","6","-1.088","7.2401","watch_only"
"ETH","30","30","35","2","5911","5904","3274","2630","7","55.4539","0.8243","26.8","0.5545","54.183","8.3813","62.3057","-2.5567","32.478","36","10","7","6","-5.3317","7.438","watch_only"
"ETH","30","50","50","2","5031","5028","2788","2240","3","55.4495","0.8168","22.6","0.5545","54.072","7.7283","86.4951","-4.4606","27.6429","23","9","7","5","-3.9536","6.274","watch_only"
"ETH","5","20","40","2","3344","3342","1853","1489","2","55.4458","0.8101","14.9","0.5545","53.7554","6.2965","66.4203","-1.1047","18.3736","20","9","7","4","-3.4137","3.3173","watch_only"
"ETH","10","10","20","2","6448","6441","3571","2870","7","55.4417","0.8022","28.45","0.5544","54.225","8.7346","35.837","-1.0154","35.4286","24","10","7","5","-2.6993","8.5779","watch_only"
"SOL","30","20","45","2","3006","2958","1640","1318","48","55.4429","0.7924","13.1","0.5544","53.6458","5.9205","71.3972","-2.0799","16.5165","33","7","7","5","-8.7757","5.3377","watch_only"
"BTC","10","50","35","2","6016","6016","3335","2681","0","55.4355","0.7918","26.2","0.5544","54.1764","8.4319","60.0085","-3.3036","33.0549","21","10","7","5","-1.9206","4.7531","watch_only"
"BTC","5","50","60","2","2033","2033","1127","906","0","55.4353","0.7915","8.85","0.5544","53.2665","4.9014","90.8574","-4.6303","11.1703","17","9","7","4","-24.9012","5.664","watch_only"
"ETH","30","20","70","2","920","920","510","410","0","55.4348","0.7905","4","0.5543","52.207","3.2969","101.506","1.7841","5.0549","14","7","6","4","-9.0909","5.3215","watch_only"
"BTC","5","10","25","2","2596","2596","1439","1157","0","55.4314","0.7844","11.2","0.5543","53.5128","5.5347","39.1977","-0.1706","14.2637","21","10","7","4","-7.6006","7.9973","watch_only"
"ETH","10","60","40","2","8448","8440","4678","3762","8","55.4265","0.7748","36","0.5543","54.3639","9.9707","75.8463","-4.3754","46.4176","31","10","7","5","-2.8953","4.7046","watch_only"
"SOL","10","20","40","2","4083","4012","2224","1788","71","55.4337","0.7748","17.4","0.5543","53.8912","6.8834","64.8684","-2.2","22.4341","22","10","7","4","-4.64","4.0816","watch_only"
