asset,strategy_name,trigger_side,target_outcome,threshold,markets_evaluated,betting_episodes,entries,settled_entries,flat_entries,wins,losses,win_rate_pct,total_stake_units,settled_stake_units,pnl_units,roi_pct,avg_stake_units,max_multiplier,above_10_multiplier_entries,max_drawdown_units,active_days,positive_days,negative_days,flat_days,first_entry_utc,last_entry_utc
"BTC","BTC Up or Down 5m 1 Diff Down Progress","Down","Up",1,52230,1228,24157,24117,40,12111,12006,50.21768877,212011,211564,1776,0.83946229,8.77637952,49,7658,1571,166,135,31,0,"2025-12-29T00:20:00.0000000+00:00","2026-06-27T06:35:00.0000000+00:00"
"BTC","BTC Up or Down 5m 2 Diff Down Progress","Down","Up",2,52230,1076,21934,21897,37,10967,10930,50.08448646,187854,187447,1671,0.89145198,8.56451172,48,6586,1455,156,127,27,2,"2025-12-29T10:35:00.0000000+00:00","2026-06-27T06:30:00.0000000+00:00"
"BTC","BTC Up or Down 5m 3 Diff Down Progress","Down","Up",3,52230,1017,19912,19877,35,9971,9906,50.16350556,165920,165550,1634,0.98701299,8.33266372,47,5625,1348,148,122,26,0,"2025-12-29T10:40:00.0000000+00:00","2026-06-27T06:15:00.0000000+00:00"
"BTC","BTC Up or Down 5m 4 Diff Down Progress","Down","Up",4,52230,950,18014,17982,32,9027,8955,50.2002002,146008,145673,1569,1.07706988,8.10525147,46,4781,1242,140,113,27,0,"2025-12-29T11:05:00.0000000+00:00","2026-06-27T05:30:00.0000000+00:00"
"BTC","BTC Up or Down 5m 5 Diff Down Progress","Down","Up",5,52230,863,16268,16238,30,8147,8091,50.17243503,127994,127691,1497,1.1723614,7.8678387,45,4095,1143,128,103,25,0,"2025-12-29T13:50:00.0000000+00:00","2026-06-26T22:40:00.0000000+00:00"
"BTC","BTC Up or Down 5m 6 Diff Down Progress","Down","Up",6,52230,829,14645,14615,30,7353,7262,50.31132398,111726,111453,1441,1.29292168,7.62895186,44,3563,1056,121,97,24,0,"2025-12-29T14:25:00.0000000+00:00","2026-06-26T22:35:00.0000000+00:00"
"BTC","BTC Up or Down 5m 7 Diff Down Progress","Down","Up",7,52230,787,13087,13059,28,6588,6471,50.44796692,97081,96838,1350,1.39408084,7.41812486,43,3104,976,112,87,23,2,"2025-12-29T20:00:00.0000000+00:00","2026-06-26T22:30:00.0000000+00:00"
"BTC","BTC Up or Down 5m 8 Diff Down Progress","Down","Up",8,52230,722,11636,11609,27,5860,5749,50.47807735,83994,83779,1233,1.47172919,7.21845995,42,2685,894,106,84,22,0,"2025-12-29T20:35:00.0000000+00:00","2026-06-26T22:05:00.0000000+00:00"
"BTC","BTC Up or Down 5m 9 Diff Down Progress","Down","Up",9,52230,737,10228,10204,24,5194,5010,50.90160721,72358,72170,1122,1.5546626,7.07450137,41,2310,817,97,77,19,1,"2025-12-29T20:40:00.0000000+00:00","2026-06-26T21:30:00.0000000+00:00"
"BTC","BTC Up or Down 5m 10 Diff Down Progress","Down","Up",10,52230,666,8878,8854,24,4511,4343,50.94872374,62130,61966,938,1.51373334,6.99819779,40,1950,746,90,71,18,1,"2025-12-29T20:45:00.0000000+00:00","2026-06-26T21:25:00.0000000+00:00"
"BTC","BTC Up or Down 5m 11 Diff Down Progress","Down","Up",11,52230,598,7658,7636,22,3895,3741,51.00838135,53252,53112,770,1.44976653,6.95377383,39,1630,680,86,70,16,0,"2025-12-29T20:50:00.0000000+00:00","2026-06-26T21:20:00.0000000+00:00"
"BTC","BTC Up or Down 5m 12 Diff Down Progress","Down","Up",12,52230,515,6586,6565,21,3342,3223,50.9063214,45594,45476,616,1.35456065,6.92286669,38,1386,627,77,62,15,0,"2026-01-06T08:25:00.0000000+00:00","2026-06-26T21:05:00.0000000+00:00"
"BTC","BTC Up or Down 5m 1 Diff Up Progress","Up","Down",1,52230,1186,20493,20448,45,10283,10165,50.28853678,172292,171880,598,0.34791715,8.40735861,46,5926,1329,164,133,31,0,"2025-12-29T00:40:00.0000000+00:00","2026-06-28T08:25:00.0000000+00:00"
"BTC","BTC Up or Down 5m 13 Diff Down Progress","Down","Up",13,52230,478,5625,5608,17,2868,2740,51.14122682,39008,38911,497,1.27727378,6.93475556,37,1197,589,70,55,14,1,"2026-01-06T08:40:00.0000000+00:00","2026-06-26T20:10:00.0000000+00:00"
"BTC","BTC Up or Down 5m 2 Diff Up Progress","Up","Down",2,52230,1115,18269,18229,40,9180,9049,50.35931757,151799,151432,480,0.31697396,8.30910285,45,5189,1309,148,118,30,0,"2025-12-29T00:45:00.0000000+00:00","2026-06-28T08:25:00.0000000+00:00"
"BTC","BTC Up or Down 5m 14 Diff Down Progress","Down","Up",14,52230,399,4781,4767,14,2426,2341,50.89154605,33383,33303,369,1.10800829,6.98243045,36,1047,552,67,54,13,0,"2026-01-06T08:45:00.0000000+00:00","2026-06-25T21:00:00.0000000+00:00"
"BTC","BTC Up or Down 5m 3 Diff Up Progress","Up","Down",3,52230,969,16256,16217,39,8142,8075,50.20657335,133530,133203,349,0.26200611,8.21419783,44,4528,1296,137,107,30,0,"2025-12-29T00:50:00.0000000+00:00","2026-06-28T08:25:00.0000000+00:00"
"BTC","BTC Up or Down 5m 15 Diff Down Progress","Down","Up",15,52230,316,4095,4084,11,2062,2022,50.48971596,28602,28536,284,0.99523409,6.98461538,35,902,522,63,52,10,1,"2026-01-06T08:50:00.0000000+00:00","2026-06-25T20:55:00.0000000+00:00"
"BTC","BTC Up or Down 5m 4 Diff Up Progress","Up","Down",4,52230,896,14457,14424,33,7245,7179,50.22878536,117274,116986,282,0.24105449,8.1119181,43,3952,1264,130,101,29,0,"2025-12-29T02:05:00.0000000+00:00","2026-06-28T08:25:00.0000000+00:00"
"BTC","BTC Up or Down 5m 16 Diff Down Progress","Down","Up",16,52230,246,3563,3553,10,1777,1776,50.01407261,24507,24452,244,0.99787338,6.87819253,34,767,492,54,45,9,0,"2026-01-06T16:50:00.0000000+00:00","2026-06-24T23:55:00.0000000+00:00"
"BTC","BTC Up or Down 5m 17 Diff Down Progress","Down","Up",17,52230,238,3104,3094,10,1559,1535,50.38784745,20944,20899,243,1.16273506,6.74742268,33,642,462,45,38,7,0,"2026-01-06T22:45:00.0000000+00:00","2026-06-24T23:55:00.0000000+00:00"
"BTC","BTC Up or Down 5m 18 Diff Down Progress","Down","Up",18,52230,206,2685,2675,10,1346,1329,50.31775701,17840,17805,219,1.22999158,6.6443203,32,538,432,40,34,6,0,"2026-01-17T07:10:00.0000000+00:00","2026-06-24T23:55:00.0000000+00:00"
"BTC","BTC Up or Down 5m 5 Diff Up Progress","Up","Down",5,52230,776,12852,12820,32,6418,6402,50.0624025,102817,102562,216,0.21060432,8.00007781,42,3440,1246,118,91,25,2,"2025-12-29T02:10:00.0000000+00:00","2026-06-28T08:25:00.0000000+00:00"
"BTC","BTC Up or Down 5m 19 Diff Down Progress","Down","Up",19,52230,191,2310,2300,10,1163,1137,50.56521739,15155,15130,202,1.33509584,6.56060606,31,463,404,39,33,6,0,"2026-01-17T07:15:00.0000000+00:00","2026-06-24T23:55:00.0000000+00:00"
"BTC","BTC Up or Down 5m 6 Diff Up Progress","Up","Down",6,52230,719,11424,11392,32,5710,5682,50.12289326,89965,89742,200,0.22286109,7.87508754,41,3002,1218,111,87,23,1,"2025-12-29T02:15:00.0000000+00:00","2026-06-28T08:25:00.0000000+00:00"
"BTC","BTC Up or Down 5m 20 Diff Down Progress","Down","Up",20,52230,185,1950,1944,6,993,951,51.08024691,12845,12830,176,1.37178488,6.58717949,30,396,377,36,31,5,0,"2026-01-17T07:50:00.0000000+00:00","2026-06-24T23:55:00.0000000+00:00"
"BTC","BTC Up or Down 5m 7 Diff Up Progress","Up","Down",7,52230,644,10117,10088,29,5055,5033,50.10904044,78541,78350,172,0.21952776,7.76326974,40,2635,1169,103,81,21,1,"2025-12-29T03:40:00.0000000+00:00","2026-06-28T08:25:00.0000000+00:00"
"BTC","BTC Up or Down 5m 8 Diff Up Progress","Up","Down",8,52230,603,8922,8899,23,4469,4430,50.21912574,68424,68262,150,0.21974158,7.66913248,39,2313,1104,96,79,16,1,"2025-12-29T03:45:00.0000000+00:00","2026-06-28T08:25:00.0000000+00:00"
"BTC","BTC Up or Down 5m 21 Diff Down Progress","Down","Up",21,52230,148,1630,1626,4,825,801,50.73800738,10895,10886,134,1.23093882,6.68404908,29,344,350,34,29,5,0,"2026-01-17T10:55:00.0000000+00:00","2026-06-24T23:50:00.0000000+00:00"
"BTC","BTC Up or Down 5m 25 Diff Down Progress","Down","Up",25,52230,81,902,902,0,458,444,50.77605322,5635,5635,119,2.11180124,6.24722838,25,168,246,19,16,3,0,"2026-01-24T21:05:00.0000000+00:00","2026-06-24T19:20:00.0000000+00:00"
"BTC","BTC Up or Down 5m 24 Diff Down Progress","Down","Up",24,52230,72,1047,1046,1,519,527,49.61759082,6682,6681,111,1.66142793,6.38204394,26,204,271,22,18,3,1,"2026-01-24T21:00:00.0000000+00:00","2026-06-24T19:45:00.0000000+00:00"
"BTC","BTC Up or Down 5m 9 Diff Up Progress","Up","Down",9,52230,557,7808,7789,19,3920,3869,50.32738477,59502,59363,111,0.18698516,7.62064549,38,2019,1063,84,68,16,0,"2025-12-29T04:00:00.0000000+00:00","2026-06-28T08:25:00.0000000+00:00"
"BTC","BTC Up or Down 5m 22 Diff Down Progress","Down","Up",22,52230,109,1386,1383,3,692,691,50.03615329,9265,9260,110,1.18790497,6.68470418,28,299,323,28,23,5,0,"2026-01-17T11:00:00.0000000+00:00","2026-06-24T19:55:00.0000000+00:00"
"BTC","BTC Up or Down 5m 29 Diff Up Progress","Up","Down",29,52230,41,491,490,1,248,242,50.6122449,2624,2617,109,4.16507451,5.34419552,18,66,123,10,8,2,0,"2025-12-30T14:00:00.0000000+00:00","2026-06-13T21:50:00.0000000+00:00"
"BTC","BTC Up or Down 5m 23 Diff Down Progress","Down","Up",23,52230,89,1197,1196,1,597,599,49.91638796,7879,7877,109,1.38377555,6.58228906,27,249,296,25,20,4,1,"2026-01-24T16:20:00.0000000+00:00","2026-06-24T19:50:00.0000000+00:00"
"BTC","BTC Up or Down 5m 28 Diff Up Progress","Up","Down",28,52230,42,568,567,1,283,284,49.91181658,3192,3184,108,3.3919598,5.61971831,19,87,140,10,8,2,0,"2025-12-30T13:55:00.0000000+00:00","2026-06-13T21:55:00.0000000+00:00"
"BTC","BTC Up or Down 5m 26 Diff Down Progress","Down","Up",26,52230,63,767,767,0,386,381,50.32594524,4733,4733,105,2.21846609,6.17079531,24,145,223,18,15,3,0,"2026-01-24T21:10:00.0000000+00:00","2026-06-24T18:55:00.0000000+00:00"
"BTC","BTC Up or Down 5m 30 Diff Up Progress","Up","Down",30,52230,47,409,408,1,213,195,52.20588235,2133,2127,103,4.84250118,5.21515892,17,53,111,10,8,2,0,"2025-12-30T14:15:00.0000000+00:00","2026-06-13T21:45:00.0000000+00:00"
"BTC","BTC Up or Down 5m 27 Diff Up Progress","Up","Down",27,52230,45,648,647,1,320,327,49.45904173,3840,3831,101,2.63638737,5.92592593,20,110,173,12,8,2,2,"2025-12-30T10:10:00.0000000+00:00","2026-06-13T22:30:00.0000000+00:00"
"BTC","BTC Up or Down 5m 27 Diff Down Progress","Down","Up",27,52230,69,642,642,0,332,310,51.71339564,3966,3966,100,2.52143217,6.17757009,23,126,203,16,14,2,0,"2026-01-24T22:45:00.0000000+00:00","2026-06-24T18:50:00.0000000+00:00"
"BTC","BTC Up or Down 5m 20 Diff Up Progress","Up","Down",20,52230,147,1738,1734,4,875,859,50.46136101,11897,11871,93,0.78342178,6.8452244,27,409,430,27,19,7,1,"2025-12-30T07:55:00.0000000+00:00","2026-06-13T23:55:00.0000000+00:00"
"BTC","BTC Up or Down 5m 19 Diff Up Progress","Up","Down",19,52230,152,2019,2015,4,1007,1008,49.9751861,13916,13886,92,0.66253781,6.89252105,28,491,487,32,23,8,1,"2025-12-30T07:50:00.0000000+00:00","2026-06-13T23:55:00.0000000+00:00"
"BTC","BTC Up or Down 5m 26 Diff Up Progress","Up","Down",26,52230,48,733,732,1,360,372,49.18032787,4573,4563,89,1.95047118,6.23874488,21,133,209,14,11,3,0,"2025-12-30T10:05:00.0000000+00:00","2026-06-13T22:45:00.0000000+00:00"
"BTC","BTC Up or Down 5m 31 Diff Up Progress","Up","Down",31,52230,42,324,323,1,171,152,52.94117647,1724,1719,85,4.94473531,5.32098765,16,45,99,10,9,1,0,"2025-12-30T14:20:00.0000000+00:00","2026-06-13T19:50:00.0000000+00:00"
"BTC","BTC Up or Down 5m 28 Diff Down Progress","Down","Up",28,52230,42,538,538,0,270,268,50.18587361,3324,3324,78,2.3465704,6.17843866,22,102,190,13,11,2,0,"2026-01-28T18:45:00.0000000+00:00","2026-06-24T17:45:00.0000000+00:00"
"BTC","BTC Up or Down 5m 21 Diff Up Progress","Up","Down",21,52230,130,1475,1472,3,744,728,50.54347826,10159,10137,77,0.75959357,6.88745763,26,324,382,24,17,7,0,"2025-12-30T08:10:00.0000000+00:00","2026-06-13T23:55:00.0000000+00:00"
"BTC","BTC Up or Down 5m 29 Diff Down Progress","Down","Up",29,52230,39,463,463,0,234,229,50.5399568,2786,2786,76,2.72792534,6.01727862,21,77,177,9,7,2,0,"2026-01-28T18:50:00.0000000+00:00","2026-06-05T23:55:00.0000000+00:00"
"BTC","BTC Up or Down 5m 18 Diff Up Progress","Up","Down",18,52230,162,2313,2309,4,1146,1163,49.63187527,16229,16195,75,0.4631059,7.01642888,29,568,545,37,27,9,1,"2025-12-30T07:45:00.0000000+00:00","2026-06-21T20:10:00.0000000+00:00"
"BTC","BTC Up or Down 5m 25 Diff Up Progress","Up","Down",25,52230,51,824,823,1,403,420,48.9671932,5397,5386,72,1.33679911,6.54975728,22,160,242,17,12,5,0,"2025-12-30T10:00:00.0000000+00:00","2026-06-13T22:50:00.0000000+00:00"
"BTC","BTC Up or Down 5m 30 Diff Down Progress","Down","Up",30,52230,34,396,396,0,201,195,50.75757576,2323,2323,71,3.0563926,5.86616162,20,58,164,9,7,2,0,"2026-01-28T18:55:00.0000000+00:00","2026-06-05T23:55:00.0000000+00:00"
"BTC","BTC Up or Down 5m 32 Diff Up Progress","Up","Down",32,52230,30,256,255,1,133,122,52.15686275,1400,1396,66,4.7277937,5.46875,15,38,87,8,7,1,0,"2025-12-30T14:25:00.0000000+00:00","2026-05-31T23:55:00.0000000+00:00"
"BTC","BTC Up or Down 5m 31 Diff Down Progress","Down","Up",31,52230,23,344,344,0,173,171,50.29069767,1927,1927,65,3.37311884,5.60174419,19,44,151,8,7,1,0,"2026-01-28T19:40:00.0000000+00:00","2026-06-05T23:55:00.0000000+00:00"
"BTC","BTC Up or Down 5m 24 Diff Up Progress","Up","Down",24,52230,71,939,937,2,465,472,49.62646745,6336,6323,65,1.02799304,6.74760383,23,182,270,18,13,5,0,"2025-12-30T09:55:00.0000000+00:00","2026-06-13T22:55:00.0000000+00:00"
"BTC","BTC Up or Down 5m 32 Diff Down Progress","Down","Up",32,52230,27,299,299,0,155,144,51.83946488,1583,1583,63,3.97978522,5.29431438,18,32,138,6,5,1,0,"2026-01-28T19:45:00.0000000+00:00","2026-06-05T23:55:00.0000000+00:00"
"BTC","BTC Up or Down 5m 23 Diff Up Progress","Up","Down",23,52230,85,1087,1084,3,541,543,49.90774908,7423,7407,63,0.85054678,6.82888684,24,209,301,21,15,6,0,"2025-12-30T08:20:00.0000000+00:00","2026-06-13T23:20:00.0000000+00:00"
"BTC","BTC Up or Down 5m 22 Diff Up Progress","Up","Down",22,52230,98,1261,1258,3,628,630,49.92050874,8684,8665,61,0.70398153,6.88659794,25,256,338,23,16,7,0,"2025-12-30T08:15:00.0000000+00:00","2026-06-13T23:55:00.0000000+00:00"
"BTC","BTC Up or Down 5m 10 Diff Up Progress","Up","Down",10,52230,504,6793,6775,18,3412,3363,50.36162362,51694,51574,60,0.11633769,7.60989254,37,1738,1007,78,62,16,0,"2025-12-29T04:35:00.0000000+00:00","2026-06-28T08:25:00.0000000+00:00"
"BTC","BTC Up or Down 5m 33 Diff Up Progress","Up","Down",33,52230,19,209,208,1,106,102,50.96153846,1144,1141,55,4.82033304,5.47368421,14,30,75,8,7,1,0,"2025-12-30T15:00:00.0000000+00:00","2026-05-31T23:10:00.0000000+00:00"
"BTC","BTC Up or Down 5m 35 Diff Up Progress","Up","Down",35,52230,14,160,159,1,81,78,50.94339623,753,752,54,7.18085106,4.70625,12,9,52,4,4,0,0,"2025-12-30T15:50:00.0000000+00:00","2026-04-17T23:55:00.0000000+00:00"
"BTC","BTC Up or Down 5m 17 Diff Up Progress","Up","Down",17,52230,183,2635,2630,5,1304,1326,49.58174905,18864,18825,53,0.2815405,7.15901328,30,648,602,44,35,9,0,"2025-12-30T07:40:00.0000000+00:00","2026-06-21T23:25:00.0000000+00:00"
"BTC","BTC Up or Down 5m 33 Diff Down Progress","Down","Up",33,52230,25,249,249,0,130,119,52.20883534,1284,1284,52,4.04984424,5.15662651,17,23,125,5,4,1,0,"2026-01-28T22:40:00.0000000+00:00","2026-06-05T23:50:00.0000000+00:00"
"BTC","BTC Up or Down 5m 36 Diff Up Progress","Up","Down",36,52230,14,133,133,0,69,64,51.87969925,593,593,51,8.60033727,4.45864662,11,3,44,4,4,0,0,"2025-12-30T15:55:00.0000000+00:00","2026-04-17T23:55:00.0000000+00:00"
"BTC","BTC Up or Down 5m 34 Diff Up Progress","Up","Down",34,52230,10,182,181,1,89,92,49.17127072,935,933,51,5.46623794,5.13736264,13,19,63,6,6,0,0,"2025-12-30T15:15:00.0000000+00:00","2026-05-31T23:05:00.0000000+00:00"
"BTC","BTC Up or Down 5m 37 Diff Up Progress","Up","Down",37,52230,11,110,110,0,57,53,51.81818182,460,460,46,10,4.18181818,10,0,36,2,2,0,0,"2026-03-14T22:00:00.0000000+00:00","2026-04-17T23:55:00.0000000+00:00"
"BTC","BTC Up or Down 5m 38 Diff Up Progress","Up","Down",38,52230,13,87,87,0,48,39,55.17241379,350,350,42,12,4.02298851,9,0,28,2,2,0,0,"2026-03-14T23:40:00.0000000+00:00","2026-04-17T23:55:00.0000000+00:00"
"BTC","BTC Up or Down 5m 34 Diff Down Progress","Down","Up",34,52230,22,204,204,0,107,97,52.45098039,1035,1035,41,3.96135266,5.07352941,16,18,112,5,4,1,0,"2026-01-28T23:55:00.0000000+00:00","2026-06-05T23:45:00.0000000+00:00"
"BTC","BTC Up or Down 5m 39 Diff Up Progress","Up","Down",39,52230,9,66,66,0,36,30,54.54545455,263,263,33,12.54752852,3.98484848,8,0,20,1,1,0,0,"2026-04-17T14:00:00.0000000+00:00","2026-04-17T23:55:00.0000000+00:00"
"BTC","BTC Up or Down 5m 35 Diff Down Progress","Down","Up",35,52230,15,168,168,0,86,82,51.19047619,831,831,31,3.73044525,4.94642857,15,14,99,4,3,1,0,"2026-02-23T19:40:00.0000000+00:00","2026-06-05T23:40:00.0000000+00:00"
"BTC","BTC Up or Down 5m 16 Diff Up Progress","Up","Down",16,52230,209,3002,2996,6,1487,1509,49.63284379,21866,21821,31,0.14206498,7.28381079,31,733,659,49,39,10,0,"2025-12-30T06:45:00.0000000+00:00","2026-06-25T09:45:00.0000000+00:00"
"BTC","BTC Up or Down 5m 37 Diff Down Progress","Down","Up",37,52230,11,126,126,0,64,62,50.79365079,518,518,28,5.40540541,4.11111111,13,8,73,2,2,0,0,"2026-03-19T14:30:00.0000000+00:00","2026-06-02T23:55:00.0000000+00:00"
"BTC","BTC Up or Down 5m 40 Diff Up Progress","Up","Down",40,52230,5,53,53,0,28,25,52.83018868,197,197,27,13.70558376,3.71698113,7,0,15,1,1,0,0,"2026-04-17T14:45:00.0000000+00:00","2026-04-17T23:55:00.0000000+00:00"
"BTC","BTC Up or Down 5m 36 Diff Down Progress","Down","Up",36,52230,9,145,145,0,72,73,49.65517241,663,663,27,4.07239819,4.57241379,14,11,86,3,3,0,0,"2026-03-19T14:25:00.0000000+00:00","2026-06-05T23:35:00.0000000+00:00"
"BTC","BTC Up or Down 5m 38 Diff Down Progress","Down","Up",38,52230,14,102,102,0,54,48,52.94117647,392,392,26,6.63265306,3.84313725,12,4,61,2,2,0,0,"2026-03-19T15:25:00.0000000+00:00","2026-06-02T23:55:00.0000000+00:00"
"BTC","BTC Up or Down 5m 15 Diff Up Progress","Up","Down",15,52230,254,3440,3431,9,1713,1718,49.92713495,25306,25252,26,0.10296214,7.35639535,32,824,711,51,39,12,0,"2025-12-30T06:40:00.0000000+00:00","2026-06-28T08:00:00.0000000+00:00"
"BTC","BTC Up or Down 5m 41 Diff Up Progress","Up","Down",41,52230,4,45,45,0,24,21,53.33333333,144,144,24,16.66666667,3.2,6,0,12,1,1,0,0,"2026-04-17T15:20:00.0000000+00:00","2026-04-17T23:55:00.0000000+00:00"
"BTC","BTC Up or Down 5m 42 Diff Up Progress","Up","Down",42,52230,4,38,38,0,21,17,55.26315789,99,99,21,21.21212121,2.60526316,5,0,9,1,1,0,0,"2026-04-17T20:05:00.0000000+00:00","2026-04-17T23:55:00.0000000+00:00"
"BTC","BTC Up or Down 5m 39 Diff Down Progress","Down","Up",39,52230,12,77,77,0,41,36,53.24675325,290,290,20,6.89655172,3.76623377,11,1,51,2,2,0,0,"2026-03-19T15:30:00.0000000+00:00","2026-06-02T23:55:00.0000000+00:00"
"BTC","BTC Up or Down 5m 14 Diff Up Progress","Up","Down",14,52230,287,3952,3942,10,1968,1974,49.9238965,29258,29194,20,0.06850723,7.40334008,33,939,759,58,46,12,0,"2025-12-30T06:35:00.0000000+00:00","2026-06-28T08:25:00.0000000+00:00"
"BTC","BTC Up or Down 5m 12 Diff Up Progress","Up","Down",12,52230,372,5189,5176,13,2590,2586,50.03863988,38975,38888,18,0.04628677,7.51108113,35,1261,888,65,52,13,0,"2025-12-30T06:15:00.0000000+00:00","2026-06-28T08:25:00.0000000+00:00"
"BTC","BTC Up or Down 5m 43 Diff Up Progress","Up","Down",43,52230,4,30,30,0,17,13,56.66666667,61,61,17,27.86885246,2.03333333,4,0,6,1,1,0,0,"2026-04-17T20:10:00.0000000+00:00","2026-04-17T23:50:00.0000000+00:00"
"BTC","BTC Up or Down 5m 40 Diff Down Progress","Down","Up",40,52230,8,58,58,0,30,28,51.72413793,213,213,15,7.04225352,3.67241379,10,0,41,1,1,0,0,"2026-06-02T15:35:00.0000000+00:00","2026-06-02T23:55:00.0000000+00:00"
"BTC","BTC Up or Down 5m 13 Diff Up Progress","Up","Down",13,52230,321,4528,4518,10,2256,2262,49.93359894,33786,33712,14,0.04152824,7.46157244,34,1087,823,60,47,13,0,"2025-12-30T06:20:00.0000000+00:00","2026-06-28T08:25:00.0000000+00:00"
"BTC","BTC Up or Down 5m 44 Diff Up Progress","Up","Down",44,52230,7,19,19,0,13,6,68.42105263,31,31,13,41.93548387,1.63157895,3,0,3,1,1,0,0,"2026-04-17T21:05:00.0000000+00:00","2026-04-17T23:05:00.0000000+00:00"
"BTC","BTC Up or Down 5m 41 Diff Down Progress","Down","Up",41,52230,7,44,44,0,23,21,52.27272727,155,155,13,8.38709677,3.52272727,9,0,32,1,1,0,0,"2026-06-02T15:40:00.0000000+00:00","2026-06-02T23:55:00.0000000+00:00"
"BTC","BTC Up or Down 5m 42 Diff Down Progress","Down","Up",42,52230,6,32,32,0,17,15,53.125,111,111,11,9.90990991,3.46875,8,0,25,1,1,0,0,"2026-06-02T15:55:00.0000000+00:00","2026-06-02T23:55:00.0000000+00:00"
"BTC","BTC Up or Down 5m 11 Diff Up Progress","Up","Down",11,52230,401,5926,5911,15,2952,2959,49.94078836,44901,44799,11,0.02455412,7.57694904,36,1475,945,72,57,14,1,"2025-12-29T04:40:00.0000000+00:00","2026-06-28T08:25:00.0000000+00:00"
"BTC","BTC Up or Down 5m 43 Diff Down Progress","Down","Up",43,52230,4,23,23,0,12,11,52.17391304,79,79,9,11.39240506,3.43478261,7,0,18,1,1,0,0,"2026-06-02T19:30:00.0000000+00:00","2026-06-02T23:55:00.0000000+00:00"
"BTC","BTC Up or Down 5m 45 Diff Down Progress","Down","Up",45,52230,2,14,14,0,8,6,57.14285714,38,38,8,21.05263158,2.71428571,5,0,9,1,1,0,0,"2026-06-02T22:40:00.0000000+00:00","2026-06-02T23:50:00.0000000+00:00"
"BTC","BTC Up or Down 5m 44 Diff Down Progress","Down","Up",44,52230,2,18,18,0,9,9,50,56,56,8,14.28571429,3.11111111,6,0,13,1,1,0,0,"2026-06-02T19:35:00.0000000+00:00","2026-06-02T23:55:00.0000000+00:00"
"BTC","BTC Up or Down 5m 45 Diff Up Progress","Up","Down",45,52230,3,9,9,0,6,3,66.66666667,12,12,6,50,1.33333333,2,0,1,1,1,0,0,"2026-04-17T21:30:00.0000000+00:00","2026-04-17T23:00:00.0000000+00:00"
"BTC","BTC Up or Down 5m 46 Diff Down Progress","Down","Up",46,52230,1,11,11,0,6,5,54.54545455,24,24,6,25,2.18181818,4,0,6,1,1,0,0,"2026-06-02T22:55:00.0000000+00:00","2026-06-02T23:45:00.0000000+00:00"
"BTC","BTC Up or Down 5m 47 Diff Down Progress","Down","Up",47,52230,2,8,8,0,5,3,62.5,13,13,5,38.46153846,1.625,3,0,3,1,1,0,0,"2026-06-02T23:00:00.0000000+00:00","2026-06-02T23:40:00.0000000+00:00"
"BTC","BTC Up or Down 5m 46 Diff Up Progress","Up","Down",46,52230,3,3,3,0,3,0,100,3,3,3,100,1,1,0,0,1,1,0,0,"2026-04-17T22:35:00.0000000+00:00","2026-04-17T22:55:00.0000000+00:00"
"BTC","BTC Up or Down 5m 48 Diff Down Progress","Down","Up",48,52230,2,4,4,0,3,1,75,5,5,3,60,1.25,2,0,1,1,1,0,0,"2026-06-02T23:05:00.0000000+00:00","2026-06-02T23:35:00.0000000+00:00"
"BTC","BTC Up or Down 5m 49 Diff Down Progress","Down","Up",49,52230,1,1,1,0,1,0,100,1,1,1,100,1,1,0,0,1,1,0,0,"2026-06-02T23:30:00.0000000+00:00","2026-06-02T23:30:00.0000000+00:00"
"BTC","BTC Up or Down 5m 47 Diff Up Progress","Up","Down",47,52230,0,0,0,0,0,0,0,0,0,0,0,0,0,0,0,0,0,0,0,"",""
"BTC","BTC Up or Down 5m 48 Diff Up Progress","Up","Down",48,52230,0,0,0,0,0,0,0,0,0,0,0,0,0,0,0,0,0,0,0,"",""
"BTC","BTC Up or Down 5m 49 Diff Up Progress","Up","Down",49,52230,0,0,0,0,0,0,0,0,0,0,0,0,0,0,0,0,0,0,0,"",""
"BTC","BTC Up or Down 5m 50 Diff Up Progress","Up","Down",50,52230,0,0,0,0,0,0,0,0,0,0,0,0,0,0,0,0,0,0,0,"",""
"BTC","BTC Up or Down 5m 50 Diff Down Progress","Down","Up",50,52230,0,0,0,0,0,0,0,0,0,0,0,0,0,0,0,0,0,0,0,"",""
"ETH","ETH Up or Down 5m 1 Diff Down Progress","Down","Up",1,52230,1272,22601,22555,46,11420,11135,50.63178896,182114,181841,3739,2.05619195,8.05778505,38,6510,1001,166,136,30,0,"2025-12-29T00:20:00.0000000+00:00","2026-06-28T03:40:00.0000000+00:00"
"ETH","ETH Up or Down 5m 2 Diff Down Progress","Down","Up",2,52230,1126,20276,20238,38,10231,10007,50.55341437,159513,159286,3454,2.1684266,7.86708424,37,5624,925,159,133,25,1,"2025-12-31T00:15:00.0000000+00:00","2026-06-28T01:15:00.0000000+00:00"
"ETH","ETH Up or Down 5m 3 Diff Down Progress","Down","Up",3,52230,1059,18161,18129,32,9185,8944,50.6646809,139237,139048,3230,2.32293884,7.6668135,36,4825,856,155,131,24,0,"2025-12-31T00:20:00.0000000+00:00","2026-06-28T01:10:00.0000000+00:00"
"ETH","ETH Up or Down 5m 4 Diff Down Progress","Down","Up",4,52230,1042,16130,16102,28,8202,7900,50.93777171,121076,120919,2989,2.47190268,7.50626162,35,4132,783,144,121,22,1,"2025-12-31T00:55:00.0000000+00:00","2026-06-28T01:05:00.0000000+00:00"
"ETH","ETH Up or Down 5m 5 Diff Down Progress","Down","Up",5,52230,922,14225,14202,23,7230,6972,50.90832277,104946,104817,2687,2.56351546,7.37757469,34,3505,722,133,114,19,0,"2025-12-31T01:00:00.0000000+00:00","2026-06-25T23:55:00.0000000+00:00"
"ETH","ETH Up or Down 5m 1 Diff Up Progress","Up","Down",1,52230,1385,21321,21259,62,10829,10430,50.93842608,165321,164852,2652,1.6087157,7.7539046,38,5328,1307,166,134,31,1,"2025-12-29T00:40:00.0000000+00:00","2026-06-28T08:25:00.0000000+00:00"
"ETH","ETH Up or Down 5m 6 Diff Down Progress","Down","Up",6,52230,778,12577,12561,16,6371,6190,50.72048404,90721,90615,2429,2.68057165,7.2132464,33,2945,666,117,98,17,2,"2025-12-31T01:05:00.0000000+00:00","2026-06-25T23:55:00.0000000+00:00"
"ETH","ETH Up or Down 5m 2 Diff Up Progress","Up","Down",2,52230,1305,18705,18646,59,9522,9124,51.06725303,144000,143593,2253,1.56901799,7.69847634,37,4584,1174,157,126,30,1,"2025-12-29T01:45:00.0000000+00:00","2026-06-28T08:25:00.0000000+00:00"
"ETH","ETH Up or Down 5m 7 Diff Down Progress","Down","Up",7,52230,724,11130,11114,16,5649,5465,50.82778478,78144,78054,2248,2.8800574,7.02102426,32,2468,611,103,89,14,0,"2025-12-31T01:10:00.0000000+00:00","2026-06-25T23:55:00.0000000+00:00"
"ETH","ETH Up or Down 5m 8 Diff Down Progress","Down","Up",8,52230,670,9786,9772,14,4979,4793,50.95169873,67014,66940,2064,3.08335823,6.84794605,31,2059,564,97,84,13,0,"2025-12-31T02:25:00.0000000+00:00","2026-06-25T23:55:00.0000000+00:00"
"ETH","ETH Up or Down 5m 9 Diff Down Progress","Down","Up",9,52230,615,8549,8536,13,4359,4177,51.0660731,57228,57168,1878,3.28505458,6.69411627,30,1720,517,87,73,14,0,"2025-12-31T02:30:00.0000000+00:00","2026-06-25T23:55:00.0000000+00:00"
"ETH","ETH Up or Down 5m 3 Diff Up Progress","Up","Down",3,52230,1117,16344,16296,48,8292,8004,50.88365243,125295,124947,1855,1.48462948,7.66611601,36,3977,1051,147,119,28,0,"2025-12-29T01:50:00.0000000+00:00","2026-06-28T08:25:00.0000000+00:00"
"ETH","ETH Up or Down 5m 10 Diff Down Progress","Down","Up",10,52230,509,7470,7460,10,3792,3668,50.8310992,48679,48632,1696,3.48741569,6.51659973,29,1411,466,78,67,11,0,"2025-12-31T03:25:00.0000000+00:00","2026-06-25T23:55:00.0000000+00:00"
"ETH","ETH Up or Down 5m 11 Diff Down Progress","Down","Up",11,52230,494,6510,6503,7,3330,3173,51.20713517,41209,41172,1572,3.81812883,6.33010753,28,1141,417,74,65,9,0,"2025-12-31T03:30:00.0000000+00:00","2026-06-25T23:55:00.0000000+00:00"
"ETH","ETH Up or Down 5m 4 Diff Up Progress","Up","Down",4,52230,997,14293,14252,41,7246,7006,50.84198709,108951,108651,1567,1.44223247,7.62268243,35,3476,954,138,112,26,0,"2025-12-29T02:05:00.0000000+00:00","2026-06-28T08:25:00.0000000+00:00"
"ETH","ETH Up or Down 5m 12 Diff Down Progress","Down","Up",12,52230,437,5624,5617,7,2881,2736,51.29072459,34699,34669,1415,4.08145606,6.16980797,27,921,371,69,60,9,0,"2025-12-31T03:35:00.0000000+00:00","2026-06-25T23:55:00.0000000+00:00"
"ETH","ETH Up or Down 5m 5 Diff Up Progress","Up","Down",5,52230,829,12532,12493,39,6318,6175,50.5723205,94658,94399,1327,1.40573523,7.55330354,34,3052,869,124,98,26,0,"2025-12-29T02:10:00.0000000+00:00","2026-06-28T08:25:00.0000000+00:00"
"ETH","ETH Up or Down 5m 13 Diff Down Progress","Down","Up",13,52230,396,4825,4819,6,2482,2337,51.50446151,29075,29052,1270,4.37147184,6.02590674,26,769,339,65,58,7,0,"2025-12-31T03:40:00.0000000+00:00","2026-06-25T23:55:00.0000000+00:00"
"ETH","ETH Up or Down 5m 6 Diff Up Progress","Up","Down",6,52230,771,10985,10952,33,5552,5400,50.69393718,82126,81906,1184,1.44555954,7.47619481,33,2698,788,115,91,23,1,"2025-12-29T02:15:00.0000000+00:00","2026-06-28T08:25:00.0000000+00:00"
"ETH","ETH Up or Down 5m 14 Diff Down Progress","Down","Up",14,52230,329,4132,4127,5,2119,2008,51.34480252,24250,24233,1125,4.64242974,5.86882865,25,670,311,64,58,6,0,"2025-12-31T04:55:00.0000000+00:00","2026-06-25T23:55:00.0000000+00:00"
"ETH","ETH Up or Down 5m 7 Diff Up Progress","Up","Down",7,52230,682,9581,9552,29,4837,4715,50.63860972,71141,70954,1032,1.45446346,7.42521657,32,2426,715,101,78,23,0,"2025-12-29T03:10:00.0000000+00:00","2026-06-28T08:00:00.0000000+00:00"
"ETH","ETH Up or Down 5m 15 Diff Down Progress","Down","Up",15,52230,327,3505,3500,5,1823,1677,52.08571429,20118,20106,1014,5.04327067,5.73980029,24,585,284,59,53,6,0,"2025-12-31T05:00:00.0000000+00:00","2026-06-25T23:55:00.0000000+00:00"
"ETH","ETH Up or Down 5m 8 Diff Up Progress","Up","Down",8,52230,663,8277,8258,19,4208,4050,50.9566481,61560,61402,910,1.48203642,7.43747735,31,2190,650,95,72,23,0,"2025-12-29T03:15:00.0000000+00:00","2026-06-27T23:55:00.0000000+00:00"
"ETH","ETH Up or Down 5m 16 Diff Down Progress","Down","Up",16,52230,257,2945,2942,3,1524,1418,51.80149558,16613,16606,868,5.22702638,5.64108659,23,506,260,51,48,3,0,"2025-12-31T15:25:00.0000000+00:00","2026-06-25T23:55:00.0000000+00:00"
"ETH","ETH Up or Down 5m 17 Diff Down Progress","Down","Up",17,52230,243,2468,2465,3,1292,1173,52.4137931,13668,13664,762,5.57669789,5.53808752,22,417,235,48,45,3,0,"2025-12-31T20:45:00.0000000+00:00","2026-06-25T23:55:00.0000000+00:00"
"ETH","ETH Up or Down 5m 9 Diff Up Progress","Up","Down",9,52230,526,7132,7116,16,3594,3522,50.50590219,53283,53144,752,1.41502333,7.47097588,30,1973,609,89,68,19,2,"2025-12-29T03:40:00.0000000+00:00","2026-06-27T23:55:00.0000000+00:00"
"ETH","ETH Up or Down 5m 10 Diff Up Progress","Up","Down",10,52230,461,6186,6173,13,3114,3059,50.44548842,46151,46028,680,1.47736161,7.46055609,29,1776,558,79,63,16,0,"2025-12-29T03:45:00.0000000+00:00","2026-06-27T23:55:00.0000000+00:00"
"ETH","ETH Up or Down 5m 18 Diff Down Progress","Down","Up",18,52230,185,2059,2058,1,1071,987,52.04081633,11200,11199,643,5.74158407,5.43953375,21,320,218,44,42,2,0,"2025-12-31T20:50:00.0000000+00:00","2026-06-25T23:55:00.0000000+00:00"
"ETH","ETH Up or Down 5m 11 Diff Up Progress","Up","Down",11,52230,436,5328,5317,11,2696,2621,50.70528494,39965,39855,625,1.56818467,7.50093844,28,1577,499,70,56,14,0,"2025-12-29T03:50:00.0000000+00:00","2026-06-27T23:55:00.0000000+00:00"
"ETH","ETH Up or Down 5m 20 Diff Up Progress","Up","Down",20,52230,106,1776,1771,5,892,879,50.36702428,10261,10219,577,5.64634504,5.77759009,19,198,168,24,21,3,0,"2025-12-30T08:20:00.0000000+00:00","2026-06-27T23:55:00.0000000+00:00"
"ETH","ETH Up or Down 5m 19 Diff Up Progress","Up","Down",19,52230,111,1973,1968,5,983,985,49.94918699,12234,12187,575,4.71814228,6.20070958,20,309,211,26,22,4,0,"2025-12-30T08:15:00.0000000+00:00","2026-06-27T23:55:00.0000000+00:00"
"ETH","ETH Up or Down 5m 18 Diff Up Progress","Up","Down",18,52230,128,2190,2185,5,1088,1097,49.79405034,14424,14372,566,3.93821319,6.58630137,21,434,243,33,27,6,0,"2025-12-30T08:10:00.0000000+00:00","2026-06-27T23:55:00.0000000+00:00"
"ETH","ETH Up or Down 5m 21 Diff Up Progress","Up","Down",21,52230,110,1577,1572,5,804,768,51.14503817,8485,8448,564,6.67613636,5.38046925,18,124,138,24,21,3,0,"2025-12-30T09:55:00.0000000+00:00","2026-06-27T17:20:00.0000000+00:00"
"ETH","ETH Up or Down 5m 19 Diff Down Progress","Down","Up",19,52230,169,1720,1720,0,905,815,52.61627907,9141,9141,559,6.11530467,5.31453488,20,229,202,36,34,2,0,"2026-01-07T08:50:00.0000000+00:00","2026-06-25T21:00:00.0000000+00:00"
"ETH","ETH Up or Down 5m 12 Diff Up Progress","Up","Down",12,52230,345,4584,4574,10,2300,2274,50.28421513,34637,34538,550,1.5924489,7.55606457,27,1373,459,65,52,12,1,"2025-12-29T04:15:00.0000000+00:00","2026-06-27T23:55:00.0000000+00:00"
"ETH","ETH Up or Down 5m 17 Diff Up Progress","Up","Down",17,52230,130,2426,2419,7,1194,1225,49.35923936,16850,16791,535,3.18623072,6.94558945,22,558,285,34,26,8,0,"2025-12-30T07:55:00.0000000+00:00","2026-06-27T23:55:00.0000000+00:00"
"ETH","ETH Up or Down 5m 22 Diff Up Progress","Up","Down",22,52230,107,1373,1368,5,709,659,51.82748538,6908,6876,528,7.67888307,5.03131828,17,83,111,21,19,2,0,"2025-12-30T10:00:00.0000000+00:00","2026-05-23T23:50:00.0000000+00:00"
"ETH","ETH Up or Down 5m 13 Diff Up Progress","Up","Down",13,52230,294,3977,3969,8,1993,1976,50.21415974,30053,29964,524,1.74876518,7.55670103,26,1173,420,59,48,11,0,"2025-12-29T04:20:00.0000000+00:00","2026-06-27T23:55:00.0000000+00:00"
"ETH","ETH Up or Down 5m 16 Diff Up Progress","Up","Down",16,52230,167,2698,2691,7,1336,1355,49.64697139,19548,19482,516,2.64859871,7.24536694,23,688,313,42,33,9,0,"2025-12-30T07:50:00.0000000+00:00","2026-06-27T23:55:00.0000000+00:00"
"ETH","ETH Up or Down 5m 15 Diff Up Progress","Up","Down",15,52230,214,3052,3045,7,1522,1523,49.98357964,22600,22527,515,2.28614551,7.40498034,24,838,345,49,40,9,0,"2025-12-29T04:40:00.0000000+00:00","2026-06-27T23:55:00.0000000+00:00"
"ETH","ETH Up or Down 5m 14 Diff Up Progress","Up","Down",14,52230,237,3476,3468,8,1730,1738,49.88465975,26076,25995,507,1.95037507,7.50172612,25,996,385,53,42,10,1,"2025-12-29T04:35:00.0000000+00:00","2026-06-27T23:55:00.0000000+00:00"
"ETH","ETH Up or Down 5m 23 Diff Up Progress","Up","Down",23,52230,101,1173,1168,5,613,555,52.48287671,5535,5508,478,8.67828613,4.71867008,16,58,101,18,17,1,0,"2025-12-30T12:05:00.0000000+00:00","2026-05-23T23:35:00.0000000+00:00"
"ETH","ETH Up or Down 5m 20 Diff Down Progress","Down","Up",20,52230,152,1411,1411,0,749,662,53.08291991,7421,7421,469,6.31990298,5.2593905,19,144,179,33,31,2,0,"2026-01-07T09:05:00.0000000+00:00","2026-06-25T20:55:00.0000000+00:00"
"ETH","ETH Up or Down 5m 24 Diff Up Progress","Up","Down",24,52230,83,996,991,5,520,471,52.47225025,4362,4340,420,9.67741935,4.37951807,15,38,91,17,16,1,0,"2025-12-30T12:20:00.0000000+00:00","2026-05-23T23:20:00.0000000+00:00"
"ETH","ETH Up or Down 5m 21 Diff Down Progress","Down","Up",21,52230,126,1141,1141,0,607,534,53.19894829,6010,6010,382,6.35607321,5.26730938,18,87,157,27,25,2,0,"2026-01-07T09:10:00.0000000+00:00","2026-06-24T19:30:00.0000000+00:00"
"ETH","ETH Up or Down 5m 25 Diff Up Progress","Up","Down",25,52230,80,838,833,5,443,390,53.18127251,3366,3349,371,11.07793371,4.01670644,14,23,81,16,16,0,0,"2025-12-30T12:25:00.0000000+00:00","2026-05-23T22:05:00.0000000+00:00"
"ETH","ETH Up or Down 5m 26 Diff Up Progress","Up","Down",26,52230,74,688,683,5,368,315,53.87994143,2528,2516,318,12.6391097,3.6744186,13,11,71,14,14,0,0,"2025-12-30T13:20:00.0000000+00:00","2026-05-23T21:20:00.0000000+00:00"
"ETH","ETH Up or Down 5m 22 Diff Down Progress","Down","Up",22,52230,102,921,921,0,489,432,53.09446254,4869,4869,309,6.34627234,5.28664495,17,67,132,23,22,1,0,"2026-01-07T09:15:00.0000000+00:00","2026-06-24T19:25:00.0000000+00:00"
"ETH","ETH Up or Down 5m 27 Diff Up Progress","Up","Down",27,52230,60,558,553,5,298,255,53.88788427,1840,1833,265,14.45717403,3.29749104,12,3,61,13,13,0,0,"2025-12-30T13:25:00.0000000+00:00","2026-05-23T21:15:00.0000000+00:00"
"ETH","ETH Up or Down 5m 23 Diff Down Progress","Down","Up",23,52230,57,769,769,0,394,375,51.23537061,3948,3948,252,6.38297872,5.13394018,16,56,109,18,17,1,0,"2026-01-07T09:20:00.0000000+00:00","2026-06-24T19:20:00.0000000+00:00"
"ETH","ETH Up or Down 5m 24 Diff Down Progress","Down","Up",24,52230,48,670,670,0,344,326,51.34328358,3179,3179,233,7.32934885,4.74477612,15,45,97,16,15,1,0,"2026-01-07T09:25:00.0000000+00:00","2026-06-24T19:15:00.0000000+00:00"
"ETH","ETH Up or Down 5m 28 Diff Up Progress","Up","Down",28,52230,64,434,433,1,242,191,55.8891455,1282,1280,222,17.34375,2.95391705,11,1,51,10,10,0,0,"2025-12-30T13:30:00.0000000+00:00","2026-05-23T21:10:00.0000000+00:00"
"ETH","ETH Up or Down 5m 25 Diff Down Progress","Down","Up",25,52230,42,585,585,0,301,284,51.45299145,2509,2509,215,8.56915106,4.28888889,14,31,85,12,11,1,0,"2026-01-07T09:40:00.0000000+00:00","2026-06-23T23:55:00.0000000+00:00"
"ETH","ETH Up or Down 5m 26 Diff Down Progress","Down","Up",26,52230,42,506,506,0,264,242,52.17391304,1924,1924,198,10.29106029,3.80237154,13,16,73,11,10,1,0,"2026-01-07T09:45:00.0000000+00:00","2026-06-23T23:55:00.0000000+00:00"
"ETH","ETH Up or Down 5m 27 Diff Down Progress","Down","Up",27,52230,50,417,417,0,225,192,53.95683453,1418,1418,176,12.41184767,3.40047962,12,5,61,8,7,1,0,"2026-01-07T09:50:00.0000000+00:00","2026-06-23T23:40:00.0000000+00:00"
"ETH","ETH Up or Down 5m 29 Diff Up Progress","Up","Down",29,52230,64,309,308,1,182,126,59.09090909,848,847,171,20.18890201,2.74433657,10,0,41,9,9,0,0,"2025-12-30T13:45:00.0000000+00:00","2026-04-17T22:50:00.0000000+00:00"
"ETH","ETH Up or Down 5m 28 Diff Down Progress","Down","Up",28,52230,50,320,320,0,178,142,55.625,1001,1001,143,14.28571429,3.128125,11,1,50,8,7,1,0,"2026-01-07T09:55:00.0000000+00:00","2026-06-23T23:15:00.0000000+00:00"
"ETH","ETH Up or Down 5m 30 Diff Up Progress","Up","Down",30,52230,48,198,198,0,121,77,61.11111111,539,539,115,21.33580705,2.72222222,9,0,33,7,7,0,0,"2025-12-30T13:50:00.0000000+00:00","2026-04-17T22:35:00.0000000+00:00"
"ETH","ETH Up or Down 5m 29 Diff Down Progress","Down","Up",29,52230,43,229,229,0,131,98,57.20524017,681,681,107,15.71218796,2.97379913,10,0,40,6,5,1,0,"2026-01-07T10:00:00.0000000+00:00","2026-06-23T20:50:00.0000000+00:00"
"ETH","ETH Up or Down 5m 30 Diff Down Progress","Down","Up",30,52230,44,144,144,0,90,54,62.5,452,452,74,16.37168142,3.13888889,9,0,31,5,4,0,1,"2026-01-07T15:15:00.0000000+00:00","2026-06-23T19:45:00.0000000+00:00"
"ETH","ETH Up or Down 5m 31 Diff Up Progress","Up","Down",31,52230,27,124,124,0,74,50,59.67741935,341,341,71,20.82111437,2.75,8,0,25,6,6,0,0,"2026-01-11T16:30:00.0000000+00:00","2026-04-17T20:05:00.0000000+00:00"
"ETH","ETH Up or Down 5m 32 Diff Up Progress","Up","Down",32,52230,15,83,83,0,48,35,57.8313253,217,217,47,21.65898618,2.61445783,7,0,19,4,4,0,0,"2026-01-11T16:35:00.0000000+00:00","2026-04-17T19:50:00.0000000+00:00"
"ETH","ETH Up or Down 5m 31 Diff Down Progress","Down","Up",31,52230,15,87,87,0,48,39,55.17241379,308,308,38,12.33766234,3.54022989,8,0,25,4,3,0,1,"2026-01-07T15:20:00.0000000+00:00","2026-06-05T23:55:00.0000000+00:00"
"ETH","ETH Up or Down 5m 33 Diff Up Progress","Up","Down",33,52230,11,58,58,0,34,24,58.62068966,134,134,34,25.37313433,2.31034483,6,0,13,3,3,0,0,"2026-01-11T16:40:00.0000000+00:00","2026-04-17T19:45:00.0000000+00:00"
"ETH","ETH Up or Down 5m 32 Diff Down Progress","Down","Up",32,52230,7,67,67,0,35,32,52.23880597,221,221,29,13.12217195,3.29850746,7,0,19,4,4,0,0,"2026-01-07T18:05:00.0000000+00:00","2026-06-05T23:55:00.0000000+00:00"
"ETH","ETH Up or Down 5m 33 Diff Down Progress","Down","Up",33,52230,5,56,56,0,29,27,51.78571429,154,154,26,16.88311688,2.75,6,0,14,3,3,0,0,"2026-01-07T18:20:00.0000000+00:00","2026-06-05T23:50:00.0000000+00:00"
"ETH","ETH Up or Down 5m 34 Diff Up Progress","Up","Down",34,52230,10,38,38,0,24,14,63.15789474,76,76,24,31.57894737,2,5,0,9,2,2,0,0,"2026-01-11T18:55:00.0000000+00:00","2026-01-17T17:45:00.0000000+00:00"
"ETH","ETH Up or Down 5m 34 Diff Down Progress","Down","Up",34,52230,7,45,45,0,25,20,55.55555556,98,98,24,24.48979592,2.17777778,5,0,10,3,3,0,0,"2026-01-07T18:25:00.0000000+00:00","2026-06-05T23:45:00.0000000+00:00"
"ETH","ETH Up or Down 5m 35 Diff Down Progress","Down","Up",35,52230,8,31,31,0,19,12,61.29032258,53,53,19,35.8490566,1.70967742,4,0,6,3,3,0,0,"2026-01-07T19:00:00.0000000+00:00","2026-06-05T23:40:00.0000000+00:00"
"ETH","ETH Up or Down 5m 35 Diff Up Progress","Up","Down",35,52230,5,23,23,0,14,9,60.86956522,38,38,14,36.84210526,1.65217391,4,0,6,2,2,0,0,"2026-01-11T21:20:00.0000000+00:00","2026-01-17T17:40:00.0000000+00:00"
"ETH","ETH Up or Down 5m 36 Diff Down Progress","Down","Up",36,52230,8,16,16,0,12,4,75,22,22,12,54.54545455,1.375,3,0,3,3,3,0,0,"2026-01-07T19:15:00.0000000+00:00","2026-06-05T23:35:00.0000000+00:00"
"ETH","ETH Up or Down 5m 36 Diff Up Progress","Up","Down",36,52230,7,11,11,0,9,2,81.81818182,15,15,9,60,1.36363636,3,0,3,1,1,0,0,"2026-01-11T21:25:00.0000000+00:00","2026-01-11T22:45:00.0000000+00:00"
"ETH","ETH Up or Down 5m 37 Diff Down Progress","Down","Up",37,52230,3,5,5,0,4,1,80,6,6,4,66.66666667,1.2,2,0,1,2,2,0,0,"2026-01-07T19:20:00.0000000+00:00","2026-06-02T23:40:00.0000000+00:00"
"ETH","ETH Up or Down 5m 37 Diff Up Progress","Up","Down",37,52230,1,3,3,0,2,1,66.66666667,4,4,2,50,1.33333333,2,0,1,1,1,0,0,"2026-01-11T21:50:00.0000000+00:00","2026-01-11T22:00:00.0000000+00:00"
"ETH","ETH Up or Down 5m 38 Diff Up Progress","Up","Down",38,52230,1,1,1,0,1,0,100,1,1,1,100,1,1,0,0,1,1,0,0,"2026-01-11T21:55:00.0000000+00:00","2026-01-11T21:55:00.0000000+00:00"
"ETH","ETH Up or Down 5m 38 Diff Down Progress","Down","Up",38,52230,1,1,1,0,1,0,100,1,1,1,100,1,1,0,0,1,1,0,0,"2026-01-07T19:25:00.0000000+00:00","2026-01-07T19:25:00.0000000+00:00"
"ETH","ETH Up or Down 5m 39 Diff Up Progress","Up","Down",39,52230,0,0,0,0,0,0,0,0,0,0,0,0,0,0,0,0,0,0,0,"",""
"ETH","ETH Up or Down 5m 39 Diff Down Progress","Down","Up",39,52230,0,0,0,0,0,0,0,0,0,0,0,0,0,0,0,0,0,0,0,"",""
"ETH","ETH Up or Down 5m 40 Diff Up Progress","Up","Down",40,52230,0,0,0,0,0,0,0,0,0,0,0,0,0,0,0,0,0,0,0,"",""
"ETH","ETH Up or Down 5m 40 Diff Down Progress","Down","Up",40,52230,0,0,0,0,0,0,0,0,0,0,0,0,0,0,0,0,0,0,0,"",""
"ETH","ETH Up or Down 5m 41 Diff Up Progress","Up","Down",41,52230,0,0,0,0,0,0,0,0,0,0,0,0,0,0,0,0,0,0,0,"",""
"ETH","ETH Up or Down 5m 41 Diff Down Progress","Down","Up",41,52230,0,0,0,0,0,0,0,0,0,0,0,0,0,0,0,0,0,0,0,"",""
"ETH","ETH Up or Down 5m 42 Diff Up Progress","Up","Down",42,52230,0,0,0,0,0,0,0,0,0,0,0,0,0,0,0,0,0,0,0,"",""
"ETH","ETH Up or Down 5m 42 Diff Down Progress","Down","Up",42,52230,0,0,0,0,0,0,0,0,0,0,0,0,0,0,0,0,0,0,0,"",""
"ETH","ETH Up or Down 5m 43 Diff Up Progress","Up","Down",43,52230,0,0,0,0,0,0,0,0,0,0,0,0,0,0,0,0,0,0,0,"",""
"ETH","ETH Up or Down 5m 43 Diff Down Progress","Down","Up",43,52230,0,0,0,0,0,0,0,0,0,0,0,0,0,0,0,0,0,0,0,"",""
"ETH","ETH Up or Down 5m 44 Diff Up Progress","Up","Down",44,52230,0,0,0,0,0,0,0,0,0,0,0,0,0,0,0,0,0,0,0,"",""
"ETH","ETH Up or Down 5m 44 Diff Down Progress","Down","Up",44,52230,0,0,0,0,0,0,0,0,0,0,0,0,0,0,0,0,0,0,0,"",""
"ETH","ETH Up or Down 5m 45 Diff Up Progress","Up","Down",45,52230,0,0,0,0,0,0,0,0,0,0,0,0,0,0,0,0,0,0,0,"",""
"ETH","ETH Up or Down 5m 45 Diff Down Progress","Down","Up",45,52230,0,0,0,0,0,0,0,0,0,0,0,0,0,0,0,0,0,0,0,"",""
"ETH","ETH Up or Down 5m 46 Diff Up Progress","Up","Down",46,52230,0,0,0,0,0,0,0,0,0,0,0,0,0,0,0,0,0,0,0,"",""
"ETH","ETH Up or Down 5m 46 Diff Down Progress","Down","Up",46,52230,0,0,0,0,0,0,0,0,0,0,0,0,0,0,0,0,0,0,0,"",""
"ETH","ETH Up or Down 5m 47 Diff Up Progress","Up","Down",47,52230,0,0,0,0,0,0,0,0,0,0,0,0,0,0,0,0,0,0,0,"",""
"ETH","ETH Up or Down 5m 47 Diff Down Progress","Down","Up",47,52230,0,0,0,0,0,0,0,0,0,0,0,0,0,0,0,0,0,0,0,"",""
"ETH","ETH Up or Down 5m 48 Diff Up Progress","Up","Down",48,52230,0,0,0,0,0,0,0,0,0,0,0,0,0,0,0,0,0,0,0,"",""
"ETH","ETH Up or Down 5m 48 Diff Down Progress","Down","Up",48,52230,0,0,0,0,0,0,0,0,0,0,0,0,0,0,0,0,0,0,0,"",""
"ETH","ETH Up or Down 5m 49 Diff Up Progress","Up","Down",49,52230,0,0,0,0,0,0,0,0,0,0,0,0,0,0,0,0,0,0,0,"",""
"ETH","ETH Up or Down 5m 49 Diff Down Progress","Down","Up",49,52230,0,0,0,0,0,0,0,0,0,0,0,0,0,0,0,0,0,0,0,"",""
"ETH","ETH Up or Down 5m 50 Diff Up Progress","Up","Down",50,52230,0,0,0,0,0,0,0,0,0,0,0,0,0,0,0,0,0,0,0,"",""
"ETH","ETH Up or Down 5m 50 Diff Down Progress","Down","Up",50,52230,0,0,0,0,0,0,0,0,0,0,0,0,0,0,0,0,0,0,0,"",""
"SOL","SOL Up or Down 5m 1 Diff Down Progress","Down","Up",1,52230,1286,23600,22728,872,11528,11200,50.72157691,181306,174883,3875,2.21576711,7.68245763,40,6135,906,168,145,23,0,"2025-12-29T01:30:00.0000000+00:00","2026-06-27T23:55:00.0000000+00:00"
"SOL","SOL Up or Down 5m 2 Diff Down Progress","Down","Up",2,52230,1222,21086,20303,783,10326,9977,50.85947889,157706,152155,3547,2.33117545,7.4791805,39,5226,854,157,134,23,0,"2025-12-29T02:25:00.0000000+00:00","2026-06-27T23:55:00.0000000+00:00"
"SOL","SOL Up or Down 5m 1 Diff Up Progress","Up","Down",1,52230,1177,20771,19993,778,10131,9862,50.67273546,158455,153254,3396,2.21592911,7.62866497,39,5223,1018,163,139,23,1,"2025-12-29T00:30:00.0000000+00:00","2026-06-28T08:25:00.0000000+00:00"
"SOL","SOL Up or Down 5m 3 Diff Down Progress","Down","Up",3,52230,1120,18723,18039,684,9187,8852,50.92854371,136620,131852,3198,2.42544671,7.29690755,38,4402,800,148,127,21,0,"2025-12-29T03:00:00.0000000+00:00","2026-06-27T23:55:00.0000000+00:00"
"SOL","SOL Up or Down 5m 2 Diff Up Progress","Up","Down",2,52230,1049,18529,17847,682,9037,8810,50.63596123,137684,133261,3127,2.34652299,7.43073021,38,4383,964,156,135,21,0,"2025-12-29T00:35:00.0000000+00:00","2026-06-28T08:25:00.0000000+00:00"
"SOL","SOL Up or Down 5m 3 Diff Up Progress","Up","Down",3,52230,992,16464,15881,583,8065,7816,50.78395567,119155,115414,2900,2.51269343,7.23730564,37,3650,909,143,122,20,1,"2025-12-30T04:30:00.0000000+00:00","2026-06-28T08:25:00.0000000+00:00"
"SOL","SOL Up or Down 5m 4 Diff Down Progress","Down","Up",4,52230,1073,16522,15916,606,8140,7776,51.14350339,117897,113813,2863,2.51552986,7.13575838,37,3736,742,136,116,20,0,"2025-12-29T12:20:00.0000000+00:00","2026-06-27T23:55:00.0000000+00:00"
"SOL","SOL Up or Down 5m 4 Diff Up Progress","Up","Down",4,52230,929,14529,14030,499,7145,6885,50.92658589,102691,99533,2651,2.66343826,7.06800193,36,3035,856,136,117,18,1,"2025-12-30T04:40:00.0000000+00:00","2026-06-28T08:25:00.0000000+00:00"
"SOL","SOL Up or Down 5m 5 Diff Down Progress","Down","Up",5,52230,939,14487,13967,520,7135,6832,51.08469965,101375,97897,2499,2.55268292,6.99765307,36,3197,681,127,107,20,0,"2025-12-29T13:55:00.0000000+00:00","2026-06-27T23:55:00.0000000+00:00"
"SOL","SOL Up or Down 5m 5 Diff Up Progress","Up","Down",5,52230,821,12765,12345,420,6284,6061,50.90319968,88162,85503,2391,2.79639311,6.90654132,35,2561,809,124,106,18,0,"2025-12-30T04:45:00.0000000+00:00","2026-06-28T08:25:00.0000000+00:00"
"SOL","SOL Up or Down 5m 6 Diff Down Progress","Down","Up",6,52230,840,12693,12248,445,6258,5990,51.09405617,86888,83930,2196,2.6164661,6.84534783,35,2744,626,117,99,18,0,"2025-12-29T14:10:00.0000000+00:00","2026-06-27T22:25:00.0000000+00:00"
"SOL","SOL Up or Down 5m 6 Diff Up Progress","Up","Down",6,52230,783,11149,10802,347,5525,5277,51.14793557,75397,73158,2168,2.96344897,6.7626693,34,2167,744,115,96,16,3,"2025-12-30T06:40:00.0000000+00:00","2026-06-28T08:25:00.0000000+00:00"
"SOL","SOL Up or Down 5m 7 Diff Down Progress","Down","Up",7,52230,804,11048,10660,388,5475,5185,51.36022514,74195,71682,1928,2.6896571,6.71569515,34,2316,579,105,87,17,1,"2025-12-29T15:05:00.0000000+00:00","2026-06-27T22:20:00.0000000+00:00"
"SOL","SOL Up or Down 5m 7 Diff Up Progress","Up","Down",7,52230,685,9691,9392,299,4800,4592,51.10732538,64248,62356,1920,3.07909423,6.62965638,33,1857,699,103,86,17,0,"2025-12-30T06:45:00.0000000+00:00","2026-06-28T08:25:00.0000000+00:00"
"SOL","SOL Up or Down 5m 8 Diff Up Progress","Up","Down",8,52230,657,8365,8106,259,4172,3934,51.46804836,54557,52964,1712,3.23238426,6.52205619,32,1611,647,95,79,16,0,"2025-12-30T07:10:00.0000000+00:00","2026-06-28T08:25:00.0000000+00:00"
"SOL","SOL Up or Down 5m 8 Diff Down Progress","Down","Up",8,52230,694,9540,9212,328,4724,4488,51.28093791,63147,61022,1638,2.6842778,6.61918239,33,1934,534,102,83,19,0,"2025-12-29T16:30:00.0000000+00:00","2026-06-27T19:40:00.0000000+00:00"
"SOL","SOL Up or Down 5m 9 Diff Up Progress","Up","Down",9,52230,548,7172,6948,224,3569,3379,51.36729994,46192,44858,1474,3.28592447,6.44060234,31,1370,593,87,73,14,0,"2025-12-30T10:00:00.0000000+00:00","2026-06-28T08:25:00.0000000+00:00"
"SOL","SOL Up or Down 5m 9 Diff Down Progress","Down","Up",9,52230,580,8265,7985,280,4078,3907,51.07075767,53607,51810,1402,2.7060413,6.48602541,32,1629,491,96,79,17,0,"2025-12-29T19:25:00.0000000+00:00","2026-06-27T06:15:00.0000000+00:00"
"SOL","SOL Up or Down 5m 10 Diff Up Progress","Up","Down",10,52230,490,6147,5953,194,3065,2888,51.48664539,39020,37910,1284,3.38696914,6.34781194,30,1148,553,81,68,13,0,"2026-01-01T23:35:00.0000000+00:00","2026-06-28T08:25:00.0000000+00:00"
"SOL","SOL Up or Down 5m 10 Diff Down Progress","Down","Up",10,52230,553,7146,6894,252,3542,3352,51.37800986,45342,43825,1231,2.80889903,6.34508816,31,1401,448,89,73,16,0,"2025-12-29T19:30:00.0000000+00:00","2026-06-25T23:55:00.0000000+00:00"
"SOL","SOL Up or Down 5m 11 Diff Up Progress","Up","Down",11,52230,447,5223,5054,169,2616,2438,51.7609814,32873,31957,1107,3.46402979,6.2938924,29,960,524,71,59,12,0,"2026-01-05T11:55:00.0000000+00:00","2026-06-28T08:25:00.0000000+00:00"
"SOL","SOL Up or Down 5m 11 Diff Down Progress","Down","Up",11,52230,468,6135,5911,224,3028,2883,51.22652681,38196,36931,1041,2.81877014,6.22591687,30,1206,405,80,65,15,0,"2025-12-29T19:45:00.0000000+00:00","2026-06-25T23:55:00.0000000+00:00"
"SOL","SOL Up or Down 5m 12 Diff Up Progress","Up","Down",12,52230,392,4383,4247,136,2205,2042,51.91900165,27650,26903,929,3.45314649,6.30846452,28,800,498,61,51,10,0,"2026-01-05T12:00:00.0000000+00:00","2026-06-28T08:25:00.0000000+00:00"
"SOL","SOL Up or Down 5m 12 Diff Down Progress","Down","Up",12,52230,446,5226,5033,193,2597,2436,51.59944367,32061,31020,896,2.88845906,6.13490241,29,1017,368,71,58,13,0,"2025-12-29T19:50:00.0000000+00:00","2026-06-25T23:55:00.0000000+00:00"
"SOL","SOL Up or Down 5m 13 Diff Up Progress","Up","Down",13,52230,345,3650,3536,114,1841,1695,52.06447964,23267,22656,766,3.38100282,6.37452055,27,664,455,57,50,7,0,"2026-01-05T18:00:00.0000000+00:00","2026-06-26T23:55:00.0000000+00:00"
"SOL","SOL Up or Down 5m 13 Diff Down Progress","Down","Up",13,52230,369,4402,4252,150,2186,2066,51.41110066,26835,25987,735,2.82833725,6.09609269,28,820,334,66,54,11,1,"2025-12-29T19:55:00.0000000+00:00","2026-06-25T23:55:00.0000000+00:00"
"SOL","SOL Up or Down 5m 14 Diff Up Progress","Up","Down",14,52230,267,3035,2946,89,1522,1424,51.66327223,19617,19120,620,3.24267782,6.46359143,26,563,408,52,45,7,0,"2026-01-05T18:35:00.0000000+00:00","2026-06-26T23:55:00.0000000+00:00"
"SOL","SOL Up or Down 5m 14 Diff Down Progress","Down","Up",14,52230,306,3736,3606,130,1847,1759,51.22018857,22433,21735,615,2.82953761,6.00455032,27,626,301,58,49,9,0,"2025-12-29T20:50:00.0000000+00:00","2026-06-25T23:55:00.0000000+00:00"
"SOL","SOL Up or Down 5m 15 Diff Down Progress","Down","Up",15,52230,239,3197,3087,110,1567,1520,50.76125688,18697,18129,527,2.90694467,5.84829528,26,474,286,54,45,7,2,"2025-12-29T22:15:00.0000000+00:00","2026-06-25T23:55:00.0000000+00:00"
"SOL","SOL Up or Down 5m 15 Diff Up Progress","Up","Down",15,52230,210,2561,2489,72,1277,1212,51.30574528,16582,16174,522,3.227402,6.47481453,25,500,368,48,42,6,0,"2026-01-05T18:50:00.0000000+00:00","2026-06-26T23:55:00.0000000+00:00"
"SOL","SOL Up or Down 5m 16 Diff Down Progress","Down","Up",16,52230,222,2744,2648,96,1352,1296,51.05740181,15500,15042,480,3.19106502,5.64868805,25,363,269,47,40,6,1,"2025-12-29T23:00:00.0000000+00:00","2026-06-25T23:55:00.0000000+00:00"
"SOL","SOL Up or Down 5m 16 Diff Up Progress","Up","Down",16,52230,185,2167,2112,55,1085,1027,51.37310606,14021,13685,457,3.33942273,6.47023535,24,440,333,41,35,6,0,"2026-01-05T18:55:00.0000000+00:00","2026-06-26T23:55:00.0000000+00:00"
"SOL","SOL Up or Down 5m 17 Diff Down Progress","Down","Up",17,52230,209,2316,2236,80,1151,1085,51.47584973,12756,12394,424,3.42101017,5.50777202,24,279,243,42,36,6,0,"2025-12-29T23:05:00.0000000+00:00","2026-06-25T23:55:00.0000000+00:00"
"SOL","SOL Up or Down 5m 17 Diff Up Progress","Up","Down",17,52230,129,1857,1812,45,915,897,50.49668874,11854,11573,399,3.44767994,6.38341411,23,374,308,34,29,5,0,"2026-01-05T19:00:00.0000000+00:00","2026-06-26T23:55:00.0000000+00:00"
"SOL","SOL Up or Down 5m 18 Diff Up Progress","Up","Down",18,52230,127,1611,1569,42,800,769,50.98789038,9997,9761,381,3.9032886,6.20546245,22,312,278,28,24,3,1,"2026-01-05T19:05:00.0000000+00:00","2026-06-26T23:55:00.0000000+00:00"
"SOL","SOL Up or Down 5m 18 Diff Down Progress","Down","Up",18,52230,179,1934,1866,68,960,906,51.44694534,10440,10158,358,3.52431581,5.39813857,23,213,224,36,30,6,0,"2025-12-29T23:30:00.0000000+00:00","2026-06-25T23:55:00.0000000+00:00"
"SOL","SOL Up or Down 5m 19 Diff Up Progress","Up","Down",19,52230,120,1370,1333,37,686,647,51.46286572,8386,8192,350,4.27246094,6.12116788,21,261,254,25,22,3,0,"2026-01-05T19:20:00.0000000+00:00","2026-06-26T23:55:00.0000000+00:00"
"SOL","SOL Up or Down 5m 20 Diff Up Progress","Up","Down",20,52230,105,1148,1118,30,577,541,51.61001789,7016,6859,311,4.53418866,6.11149826,20,218,233,20,17,3,0,"2026-01-05T19:35:00.0000000+00:00","2026-06-26T23:55:00.0000000+00:00"
"SOL","SOL Up or Down 5m 19 Diff Down Progress","Down","Up",19,52230,129,1629,1575,54,798,777,50.66666667,8506,8292,304,3.66618427,5.22160835,22,159,204,30,24,5,1,"2025-12-31T20:15:00.0000000+00:00","2026-06-25T23:55:00.0000000+00:00"
"SOL","SOL Up or Down 5m 20 Diff Down Progress","Down","Up",20,52230,102,1401,1360,41,685,675,50.36764706,6877,6717,283,4.21319041,4.90863669,21,113,182,26,21,5,0,"2025-12-31T20:20:00.0000000+00:00","2026-06-25T23:55:00.0000000+00:00"
"SOL","SOL Up or Down 5m 21 Diff Up Progress","Up","Down",21,52230,87,960,936,24,482,454,51.4957265,5868,5741,275,4.79010625,6.1125,19,186,208,17,14,3,0,"2026-01-11T13:15:00.0000000+00:00","2026-06-26T23:55:00.0000000+00:00"
"SOL","SOL Up or Down 5m 21 Diff Down Progress","Down","Up",21,52230,99,1206,1172,34,596,576,50.85324232,5476,5357,273,5.0961359,4.54063018,20,73,165,24,19,4,1,"2025-12-31T23:30:00.0000000+00:00","2026-06-25T22:30:00.0000000+00:00"
"SOL","SOL Up or Down 5m 22 Diff Down Progress","Down","Up",22,52230,93,1017,992,25,509,483,51.31048387,4270,4185,253,6.04540024,4.1986234,19,42,152,22,18,4,0,"2025-12-31T23:35:00.0000000+00:00","2026-06-25T22:20:00.0000000+00:00"
"SOL","SOL Up or Down 5m 22 Diff Up Progress","Up","Down",22,52230,79,800,780,20,405,375,51.92307692,4908,4805,247,5.14047867,6.135,18,163,183,13,11,2,0,"2026-01-11T14:00:00.0000000+00:00","2026-06-26T23:55:00.0000000+00:00"
"SOL","SOL Up or Down 5m 23 Diff Down Progress","Down","Up",23,52230,111,820,798,22,427,371,53.50877193,3253,3193,227,7.1093016,3.96707317,18,24,139,21,16,4,1,"2025-12-31T23:40:00.0000000+00:00","2026-06-25T22:15:00.0000000+00:00"
"SOL","SOL Up or Down 5m 23 Diff Up Progress","Up","Down",23,52230,61,664,648,16,334,314,51.54320988,4108,4025,217,5.39130435,6.18674699,17,140,161,12,10,2,0,"2026-01-11T14:05:00.0000000+00:00","2026-06-26T23:55:00.0000000+00:00"
"SOL","SOL Up or Down 5m 24 Diff Up Progress","Up","Down",24,52230,46,563,549,14,281,268,51.18397086,3444,3377,197,5.8335801,6.11722913,16,113,137,12,10,1,1,"2026-01-11T14:10:00.0000000+00:00","2026-06-26T23:55:00.0000000+00:00"
"SOL","SOL Up or Down 5m 26 Diff Up Progress","Up","Down",26,52230,38,440,431,9,225,206,52.20417633,2381,2341,187,7.9880393,5.41136364,14,54,93,11,10,1,0,"2026-01-11T14:30:00.0000000+00:00","2026-06-26T23:50:00.0000000+00:00"
"SOL","SOL Up or Down 5m 25 Diff Up Progress","Up","Down",25,52230,23,500,487,13,242,245,49.69199179,2881,2828,184,6.50636492,5.762,15,86,113,12,11,1,0,"2026-01-11T14:15:00.0000000+00:00","2026-06-26T23:55:00.0000000+00:00"
"SOL","SOL Up or Down 5m 24 Diff Down Progress","Down","Up",24,52230,85,626,611,15,325,286,53.19148936,2433,2395,171,7.13987474,3.88658147,17,17,126,17,12,4,1,"2025-12-31T23:45:00.0000000+00:00","2026-06-25T21:20:00.0000000+00:00"
"SOL","SOL Up or Down 5m 27 Diff Up Progress","Up","Down",27,52230,32,374,365,9,191,174,52.32876712,1941,1910,168,8.79581152,5.18983957,13,24,75,8,7,1,0,"2026-01-11T14:45:00.0000000+00:00","2026-05-31T23:55:00.0000000+00:00"
"SOL","SOL Up or Down 5m 28 Diff Up Progress","Up","Down",28,52230,29,312,307,5,163,144,53.09446254,1567,1545,151,9.77346278,5.0224359,12,8,63,7,7,0,0,"2026-01-11T14:50:00.0000000+00:00","2026-05-31T23:05:00.0000000+00:00"
"SOL","SOL Up or Down 5m 29 Diff Up Progress","Up","Down",29,52230,25,261,256,5,137,119,53.515625,1255,1238,132,10.66235864,4.80842912,11,2,52,6,6,0,0,"2026-01-11T14:55:00.0000000+00:00","2026-05-06T23:55:00.0000000+00:00"
"SOL","SOL Up or Down 5m 25 Diff Down Progress","Down","Up",25,52230,66,474,468,6,248,220,52.99145299,1807,1784,132,7.39910314,3.81223629,16,15,113,14,10,4,0,"2025-12-31T23:50:00.0000000+00:00","2026-06-25T21:05:00.0000000+00:00"
"SOL","SOL Up or Down 5m 30 Diff Up Progress","Up","Down",30,52230,18,218,214,4,115,99,53.73831776,994,982,114,11.6089613,4.55963303,10,0,42,6,6,0,0,"2026-01-11T15:00:00.0000000+00:00","2026-05-06T23:30:00.0000000+00:00"
"SOL","SOL Up or Down 5m 26 Diff Down Progress","Down","Up",26,52230,51,363,357,6,189,168,52.94117647,1333,1316,104,7.90273556,3.67217631,15,13,100,12,8,3,1,"2025-12-31T23:55:00.0000000+00:00","2026-06-25T21:00:00.0000000+00:00"
"SOL","SOL Up or Down 5m 31 Diff Up Progress","Up","Down",31,52230,14,186,183,3,98,85,53.55191257,776,768,98,12.76041667,4.17204301,9,0,34,5,5,0,0,"2026-02-06T22:55:00.0000000+00:00","2026-05-06T23:25:00.0000000+00:00"
"SOL","SOL Up or Down 5m 32 Diff Up Progress","Up","Down",32,52230,9,163,161,2,85,76,52.79503106,590,585,85,14.52991453,3.6196319,8,0,27,4,4,0,0,"2026-02-25T15:40:00.0000000+00:00","2026-05-06T22:20:00.0000000+00:00"
"SOL","SOL Up or Down 5m 27 Diff Down Progress","Down","Up",27,52230,36,279,275,4,144,131,52.36363636,970,959,83,8.6548488,3.47670251,14,11,87,9,9,0,0,"2026-01-20T19:35:00.0000000+00:00","2026-06-25T20:55:00.0000000+00:00"
"SOL","SOL Up or Down 5m 33 Diff Up Progress","Up","Down",33,52230,14,140,138,2,76,62,55.07246377,427,424,76,17.9245283,3.05,7,0,21,4,4,0,0,"2026-02-25T15:45:00.0000000+00:00","2026-05-06T22:15:00.0000000+00:00"
"SOL","SOL Up or Down 5m 28 Diff Down Progress","Down","Up",28,52230,32,213,211,2,112,99,53.08056872,691,684,70,10.23391813,3.24413146,13,7,75,8,8,0,0,"2026-01-20T19:40:00.0000000+00:00","2026-06-25T15:45:00.0000000+00:00"
"SOL","SOL Up or Down 5m 34 Diff Up Progress","Up","Down",34,52230,12,113,112,1,62,50,55.35714286,287,286,62,21.67832168,2.53982301,6,0,15,4,4,0,0,"2026-02-25T15:50:00.0000000+00:00","2026-05-06T21:40:00.0000000+00:00"
"SOL","SOL Up or Down 5m 29 Diff Down Progress","Down","Up",29,52230,25,159,158,1,84,74,53.16455696,478,473,57,12.05073996,3.00628931,12,3,63,5,5,0,0,"2026-01-20T20:05:00.0000000+00:00","2026-06-04T23:25:00.0000000+00:00"
"SOL","SOL Up or Down 5m 35 Diff Up Progress","Up","Down",35,52230,14,86,86,0,50,36,58.13953488,174,174,50,28.73563218,2.02325581,5,0,10,3,3,0,0,"2026-02-25T16:05:00.0000000+00:00","2026-04-16T22:50:00.0000000+00:00"
"SOL","SOL Up or Down 5m 30 Diff Down Progress","Down","Up",30,52230,24,113,112,1,63,49,56.25,319,315,47,14.92063492,2.82300885,11,1,52,5,5,0,0,"2026-01-20T21:50:00.0000000+00:00","2026-06-04T23:20:00.0000000+00:00"
"SOL","SOL Up or Down 5m 36 Diff Up Progress","Up","Down",36,52230,18,54,54,0,36,18,66.66666667,88,88,36,40.90909091,1.62962963,4,0,6,2,2,0,0,"2026-02-25T16:20:00.0000000+00:00","2026-04-16T21:50:00.0000000+00:00"
"SOL","SOL Up or Down 5m 31 Diff Down Progress","Down","Up",31,52230,19,73,72,1,42,30,58.33333333,206,203,33,16.25615764,2.82191781,10,0,43,5,5,0,0,"2026-01-20T21:55:00.0000000+00:00","2026-06-04T22:45:00.0000000+00:00"
"SOL","SOL Up or Down 5m 32 Diff Down Progress","Down","Up",32,52230,14,42,41,1,25,16,60.97560976,133,131,21,16.03053435,3.16666667,9,0,34,4,3,0,1,"2026-01-20T22:00:00.0000000+00:00","2026-06-04T22:40:00.0000000+00:00"
"SOL","SOL Up or Down 5m 37 Diff Up Progress","Up","Down",37,52230,12,24,24,0,18,6,75,34,34,18,52.94117647,1.41666667,3,0,3,2,2,0,0,"2026-02-25T16:25:00.0000000+00:00","2026-04-16T21:35:00.0000000+00:00"
"SOL","SOL Up or Down 5m 33 Diff Down Progress","Down","Up",33,52230,6,24,23,1,13,10,56.52173913,91,90,12,13.33333333,3.79166667,8,0,26,3,2,0,1,"2026-01-20T23:55:00.0000000+00:00","2026-06-04T22:35:00.0000000+00:00"
"SOL","SOL Up or Down 5m 34 Diff Down Progress","Down","Up",34,52230,2,17,17,0,9,8,52.94117647,67,67,9,13.43283582,3.94117647,7,0,19,1,1,0,0,"2026-06-02T20:30:00.0000000+00:00","2026-06-02T23:55:00.0000000+00:00"
"SOL","SOL Up or Down 5m 35 Diff Down Progress","Down","Up",35,52230,1,15,15,0,8,7,53.33333333,50,50,8,16,3.33333333,6,0,13,1,1,0,0,"2026-06-02T22:45:00.0000000+00:00","2026-06-02T23:55:00.0000000+00:00"
"SOL","SOL Up or Down 5m 36 Diff Down Progress","Down","Up",36,52230,1,13,13,0,7,6,53.84615385,35,35,7,20,2.69230769,5,0,9,1,1,0,0,"2026-06-02T22:50:00.0000000+00:00","2026-06-02T23:50:00.0000000+00:00"
"SOL","SOL Up or Down 5m 38 Diff Up Progress","Up","Down",38,52230,4,8,8,0,6,2,75,10,10,6,60,1.25,2,0,1,2,2,0,0,"2026-02-25T21:40:00.0000000+00:00","2026-04-16T21:20:00.0000000+00:00"
"SOL","SOL Up or Down 5m 37 Diff Down Progress","Down","Up",37,52230,1,11,11,0,6,5,54.54545455,22,22,6,27.27272727,2,4,0,6,1,1,0,0,"2026-06-02T22:55:00.0000000+00:00","2026-06-02T23:45:00.0000000+00:00"
"SOL","SOL Up or Down 5m 38 Diff Down Progress","Down","Up",38,52230,3,7,7,0,5,2,71.42857143,11,11,5,45.45454545,1.57142857,3,0,3,1,1,0,0,"2026-06-02T23:00:00.0000000+00:00","2026-06-02T23:40:00.0000000+00:00"
"SOL","SOL Up or Down 5m 39 Diff Up Progress","Up","Down",39,52230,2,2,2,0,2,0,100,2,2,2,100,1,1,0,0,1,1,0,0,"2026-04-16T20:05:00.0000000+00:00","2026-04-16T20:15:00.0000000+00:00"
"SOL","SOL Up or Down 5m 39 Diff Down Progress","Down","Up",39,52230,1,3,3,0,2,1,66.66666667,4,4,2,50,1.33333333,2,0,1,1,1,0,0,"2026-06-02T23:25:00.0000000+00:00","2026-06-02T23:35:00.0000000+00:00"
"SOL","SOL Up or Down 5m 40 Diff Down Progress","Down","Up",40,52230,1,1,1,0,1,0,100,1,1,1,100,1,1,0,0,1,1,0,0,"2026-06-02T23:30:00.0000000+00:00","2026-06-02T23:30:00.0000000+00:00"
"SOL","SOL Up or Down 5m 40 Diff Up Progress","Up","Down",40,52230,0,0,0,0,0,0,0,0,0,0,0,0,0,0,0,0,0,0,0,"",""
"SOL","SOL Up or Down 5m 41 Diff Up Progress","Up","Down",41,52230,0,0,0,0,0,0,0,0,0,0,0,0,0,0,0,0,0,0,0,"",""
"SOL","SOL Up or Down 5m 41 Diff Down Progress","Down","Up",41,52230,0,0,0,0,0,0,0,0,0,0,0,0,0,0,0,0,0,0,0,"",""
"SOL","SOL Up or Down 5m 42 Diff Up Progress","Up","Down",42,52230,0,0,0,0,0,0,0,0,0,0,0,0,0,0,0,0,0,0,0,"",""
"SOL","SOL Up or Down 5m 42 Diff Down Progress","Down","Up",42,52230,0,0,0,0,0,0,0,0,0,0,0,0,0,0,0,0,0,0,0,"",""
"SOL","SOL Up or Down 5m 43 Diff Up Progress","Up","Down",43,52230,0,0,0,0,0,0,0,0,0,0,0,0,0,0,0,0,0,0,0,"",""
"SOL","SOL Up or Down 5m 43 Diff Down Progress","Down","Up",43,52230,0,0,0,0,0,0,0,0,0,0,0,0,0,0,0,0,0,0,0,"",""
"SOL","SOL Up or Down 5m 44 Diff Up Progress","Up","Down",44,52230,0,0,0,0,0,0,0,0,0,0,0,0,0,0,0,0,0,0,0,"",""
"SOL","SOL Up or Down 5m 44 Diff Down Progress","Down","Up",44,52230,0,0,0,0,0,0,0,0,0,0,0,0,0,0,0,0,0,0,0,"",""
"SOL","SOL Up or Down 5m 45 Diff Up Progress","Up","Down",45,52230,0,0,0,0,0,0,0,0,0,0,0,0,0,0,0,0,0,0,0,"",""
"SOL","SOL Up or Down 5m 45 Diff Down Progress","Down","Up",45,52230,0,0,0,0,0,0,0,0,0,0,0,0,0,0,0,0,0,0,0,"",""
"SOL","SOL Up or Down 5m 46 Diff Up Progress","Up","Down",46,52230,0,0,0,0,0,0,0,0,0,0,0,0,0,0,0,0,0,0,0,"",""
"SOL","SOL Up or Down 5m 46 Diff Down Progress","Down","Up",46,52230,0,0,0,0,0,0,0,0,0,0,0,0,0,0,0,0,0,0,0,"",""
"SOL","SOL Up or Down 5m 47 Diff Up Progress","Up","Down",47,52230,0,0,0,0,0,0,0,0,0,0,0,0,0,0,0,0,0,0,0,"",""
"SOL","SOL Up or Down 5m 47 Diff Down Progress","Down","Up",47,52230,0,0,0,0,0,0,0,0,0,0,0,0,0,0,0,0,0,0,0,"",""
"SOL","SOL Up or Down 5m 48 Diff Up Progress","Up","Down",48,52230,0,0,0,0,0,0,0,0,0,0,0,0,0,0,0,0,0,0,0,"",""
"SOL","SOL Up or Down 5m 48 Diff Down Progress","Down","Up",48,52230,0,0,0,0,0,0,0,0,0,0,0,0,0,0,0,0,0,0,0,"",""
"SOL","SOL Up or Down 5m 49 Diff Up Progress","Up","Down",49,52230,0,0,0,0,0,0,0,0,0,0,0,0,0,0,0,0,0,0,0,"",""
"SOL","SOL Up or Down 5m 49 Diff Down Progress","Down","Up",49,52230,0,0,0,0,0,0,0,0,0,0,0,0,0,0,0,0,0,0,0,"",""
"SOL","SOL Up or Down 5m 50 Diff Up Progress","Up","Down",50,52230,0,0,0,0,0,0,0,0,0,0,0,0,0,0,0,0,0,0,0,"",""
"SOL","SOL Up or Down 5m 50 Diff Down Progress","Down","Up",50,52230,0,0,0,0,0,0,0,0,0,0,0,0,0,0,0,0,0,0,0,"",""
