row_type	sheet_name	asset_symbol	direction	strategy_code	strategy_name	report_date	bet_count	win_count	loss_count	pnl_current_usd	pnl_no_above_0_5_usd	pnl_market_above_0_5_usd	above_market_orders	self_capped_orders
DATA	BTC_DOWN	BTC	DOWN	btc_up_down_5m_down_diff_1_instant	BTC Up or Down 5m Down 1 Diff Instant	2026-06-08	79	37	42	-23.71780000	-19.30210000	-23.71780000	42	0
DATA	BTC_DOWN	BTC	DOWN	btc_up_down_5m_down_diff_1_instant	BTC Up or Down 5m Down 1 Diff Instant	2026-06-09	67	31	36	-17.20210000	-28.22700000	-17.20210000	24	0
DATA	BTC_DOWN	BTC	DOWN	btc_up_down_5m_down_diff_10_instant	BTC Up or Down 5m Down 10 Diff Instant	2026-06-09	20	7	13	-14.48050000	-14.48050000	-14.48050000	0	0
DATA	BTC_DOWN	BTC	DOWN	btc_up_down_5m_down_diff_2_instant	BTC Up or Down 5m Down 2 Diff Instant	2026-06-08	48	22	26	-18.56640000	-11.53280000	-18.56640000	29	0
DATA	BTC_DOWN	BTC	DOWN	btc_up_down_5m_down_diff_2_instant	BTC Up or Down 5m Down 2 Diff Instant	2026-06-09	47	19	28	-24.59140000	-30.71190000	-24.59140000	12	0
DATA	BTC_DOWN	BTC	DOWN	btc_up_down_5m_down_diff_3_instant	BTC Up or Down 5m Down 3 Diff Instant	2026-06-08	30	11	19	-28.34340000	-18.62260000	-28.34340000	18	0
DATA	BTC_DOWN	BTC	DOWN	btc_up_down_5m_down_diff_3_instant	BTC Up or Down 5m Down 3 Diff Instant	2026-06-09	39	13	26	-36.65010000	-35.82120000	-36.65010000	5	0
DATA	BTC_DOWN	BTC	DOWN	btc_up_down_5m_down_diff_4_instant	BTC Up or Down 5m Down 4 Diff Instant	2026-06-08	22	8	14	-19.80390000	-12.80050000	-19.80390000	12	0
DATA	BTC_DOWN	BTC	DOWN	btc_up_down_5m_down_diff_4_instant	BTC Up or Down 5m Down 4 Diff Instant	2026-06-09	36	12	24	-34.17630000	-33.34740000	-34.17630000	5	0
DATA	BTC_DOWN	BTC	DOWN	btc_up_down_5m_down_diff_5_instant	BTC Up or Down 5m Down 5 Diff Instant	2026-06-08	15	6	9	-9.35080000	-8.79820000	-9.35080000	7	0
DATA	BTC_DOWN	BTC	DOWN	btc_up_down_5m_down_diff_5_instant	BTC Up or Down 5m Down 5 Diff Instant	2026-06-09	32	10	22	-32.44210000	-32.84410000	-32.44210000	3	0
DATA	BTC_DOWN	BTC	DOWN	btc_up_down_5m_down_diff_6_instant	BTC Up or Down 5m Down 6 Diff Instant	2026-06-08	6	2	4	-5.99320000	-8.00680000	-5.99320000	3	0
DATA	BTC_DOWN	BTC	DOWN	btc_up_down_5m_down_diff_6_instant	BTC Up or Down 5m Down 6 Diff Instant	2026-06-09	27	9	18	-22.59310000	-24.84310000	-22.59310000	1	0
DATA	BTC_DOWN	BTC	DOWN	btc_up_down_5m_down_diff_7_instant	BTC Up or Down 5m Down 7 Diff Instant	2026-06-08	3	1	2	-2.33730000	-5.00530000	-2.33730000	1	0
DATA	BTC_DOWN	BTC	DOWN	btc_up_down_5m_down_diff_7_instant	BTC Up or Down 5m Down 7 Diff Instant	2026-06-09	24	8	16	-20.48080000	-20.48080000	-20.48080000	0	0
DATA	BTC_DOWN	BTC	DOWN	btc_up_down_5m_down_diff_8_instant	BTC Up or Down 5m Down 8 Diff Instant	2026-06-08	1	0	1	-3.00370000	-3.00370000	-3.00370000	0	0
DATA	BTC_DOWN	BTC	DOWN	btc_up_down_5m_down_diff_8_instant	BTC Up or Down 5m Down 8 Diff Instant	2026-06-09	23	7	16	-23.48080000	-23.48080000	-23.48080000	0	0
DATA	BTC_DOWN	BTC	DOWN	btc_up_down_5m_down_diff_9_instant	BTC Up or Down 5m Down 9 Diff Instant	2026-06-09	22	7	15	-20.48380000	-20.48380000	-20.48380000	0	0
DATA	BTC_UP	BTC	UP	btc_up_down_5m_up_diff_1_instant	BTC Up or Down 5m Up 1 Diff Instant	2026-06-08	28	14	14	-6.33700000	-16.47640000	-6.33700000	20	0
DATA	BTC_UP	BTC	UP	btc_up_down_5m_up_diff_1_instant	BTC Up or Down 5m Up 1 Diff Instant	2026-06-09	55	29	26	22.41420000	29.02620000	22.41420000	7	0
DATA	BTC_UP	BTC	UP	btc_up_down_5m_up_diff_2_instant	BTC Up or Down 5m Up 2 Diff Instant	2026-06-08	12	7	5	2.30550000	0.52620000	2.30550000	10	0
DATA	BTC_UP	BTC	UP	btc_up_down_5m_up_diff_2_instant	BTC Up or Down 5m Up 2 Diff Instant	2026-06-09	36	19	17	16.94960000	16.94960000	16.94960000	0	0
DATA	BTC_UP	BTC	UP	btc_up_down_5m_up_diff_3_instant	BTC Up or Down 5m Up 3 Diff Instant	2026-06-08	7	4	3	1.21300000	0.52620000	1.21300000	5	0
DATA	BTC_UP	BTC	UP	btc_up_down_5m_up_diff_3_instant	BTC Up or Down 5m Up 3 Diff Instant	2026-06-09	23	13	10	14.04860000	14.04860000	14.04860000	0	0
DATA	BTC_UP	BTC	UP	btc_up_down_5m_up_diff_4_instant	BTC Up or Down 5m Up 4 Diff Instant	2026-06-08	1	0	1	-3.00390000	0	-3.00390000	1	0
DATA	BTC_UP	BTC	UP	btc_up_down_5m_up_diff_4_instant	BTC Up or Down 5m Up 4 Diff Instant	2026-06-09	13	8	5	11.90180000	11.90180000	11.90180000	0	0
DATA	BTC_UP	BTC	UP	btc_up_down_5m_up_diff_5_instant	BTC Up or Down 5m Up 5 Diff Instant	2026-06-09	8	5	3	7.98330000	7.98330000	7.98330000	0	0
DATA	BTC_UP	BTC	UP	btc_up_down_5m_up_diff_6_instant	BTC Up or Down 5m Up 6 Diff Instant	2026-06-09	2	1	1	0.55840000	0.55840000	0.55840000	0	0
DATA	ETH_DOWN	ETH	DOWN	eth_up_down_5m_down_diff_1_instant	ETH Up or Down 5m Down 1 Diff Instant	2026-06-08	40	19	21	-8.96060000	-3.97110000	-8.96060000	22	0
DATA	ETH_DOWN	ETH	DOWN	eth_up_down_5m_down_diff_1_instant	ETH Up or Down 5m Down 1 Diff Instant	2026-06-09	84	43	41	8.29160000	-10.55510000	8.29160000	39	0
DATA	ETH_DOWN	ETH	DOWN	eth_up_down_5m_down_diff_2_instant	ETH Up or Down 5m Down 2 Diff Instant	2026-06-08	25	14	11	4.86150000	6.19050000	4.86150000	16	0
DATA	ETH_DOWN	ETH	DOWN	eth_up_down_5m_down_diff_2_instant	ETH Up or Down 5m Down 2 Diff Instant	2026-06-09	64	32	32	7.74200000	-1.55000000	7.74200000	26	0
DATA	ETH_DOWN	ETH	DOWN	eth_up_down_5m_down_diff_3_instant	ETH Up or Down 5m Down 3 Diff Instant	2026-06-08	16	9	7	6.22050000	6.19170000	6.22050000	9	0
DATA	ETH_DOWN	ETH	DOWN	eth_up_down_5m_down_diff_3_instant	ETH Up or Down 5m Down 3 Diff Instant	2026-06-09	44	24	20	18.34080000	0.36280000	18.34080000	20	0
DATA	ETH_DOWN	ETH	DOWN	eth_up_down_5m_down_diff_4_instant	ETH Up or Down 5m Down 4 Diff Instant	2026-06-08	10	7	3	13.19960000	12.19850000	13.19960000	5	0
DATA	ETH_DOWN	ETH	DOWN	eth_up_down_5m_down_diff_4_instant	ETH Up or Down 5m Down 4 Diff Instant	2026-06-09	25	17	8	27.85500000	7.88380000	27.85500000	16	0
DATA	ETH_DOWN	ETH	DOWN	eth_up_down_5m_down_diff_5_instant	ETH Up or Down 5m Down 5 Diff Instant	2026-06-08	5	4	1	10.91190000	11.02620000	10.91190000	2	0
DATA	ETH_DOWN	ETH	DOWN	eth_up_down_5m_down_diff_5_instant	ETH Up or Down 5m Down 5 Diff Instant	2026-06-09	14	9	5	13.22810000	2.56460000	13.22810000	8	0
DATA	ETH_DOWN	ETH	DOWN	eth_up_down_5m_down_diff_6_instant	ETH Up or Down 5m Down 6 Diff Instant	2026-06-08	1	1	0	2.88610000	0	2.88610000	1	0
DATA	ETH_DOWN	ETH	DOWN	eth_up_down_5m_down_diff_6_instant	ETH Up or Down 5m Down 6 Diff Instant	2026-06-09	8	7	1	18.25360000	3.25260000	18.25360000	5	0
DATA	ETH_DOWN	ETH	DOWN	eth_up_down_5m_down_diff_7_instant	ETH Up or Down 5m Down 7 Diff Instant	2026-06-09	1	0	1	-3.00000000	-3.00000000	-3.00000000	0	0
DATA	ETH_UP	ETH	UP	eth_up_down_5m_up_diff_1_instant	ETH Up or Down 5m Up 1 Diff Instant	2026-06-08	68	33	35	-8.73880000	-30.86790000	-8.73880000	39	0
DATA	ETH_UP	ETH	UP	eth_up_down_5m_up_diff_1_instant	ETH Up or Down 5m Up 1 Diff Instant	2026-06-09	41	23	18	31.80970000	33.97850000	31.80970000	6	0
DATA	ETH_UP	ETH	UP	eth_up_down_5m_up_diff_10_instant	ETH Up or Down 5m Up 10 Diff Instant	2026-06-09	6	5	1	14.66100000	14.66100000	14.66100000	0	0
DATA	ETH_UP	ETH	UP	eth_up_down_5m_up_diff_2_instant	ETH Up or Down 5m Up 2 Diff Instant	2026-06-08	42	22	20	-0.97390000	-15.44130000	-0.97390000	28	0
DATA	ETH_UP	ETH	UP	eth_up_down_5m_up_diff_2_instant	ETH Up or Down 5m Up 2 Diff Instant	2026-06-09	30	16	14	19.32480000	14.50390000	19.32480000	2	0
DATA	ETH_UP	ETH	UP	eth_up_down_5m_up_diff_3_instant	ETH Up or Down 5m Up 3 Diff Instant	2026-06-08	22	11	11	-5.42100000	-8.37710000	-5.42100000	15	0
DATA	ETH_UP	ETH	UP	eth_up_down_5m_up_diff_3_instant	ETH Up or Down 5m Up 3 Diff Instant	2026-06-09	25	13	12	16.48590000	16.48590000	16.48590000	0	0
DATA	ETH_UP	ETH	UP	eth_up_down_5m_up_diff_4_instant	ETH Up or Down 5m Up 4 Diff Instant	2026-06-08	6	3	3	-2.35040000	3.38670000	-2.35040000	5	0
DATA	ETH_UP	ETH	UP	eth_up_down_5m_up_diff_4_instant	ETH Up or Down 5m Up 4 Diff Instant	2026-06-09	24	12	12	11.58460000	11.58460000	11.58460000	0	0
DATA	ETH_UP	ETH	UP	eth_up_down_5m_up_diff_5_instant	ETH Up or Down 5m Up 5 Diff Instant	2026-06-08	3	2	1	2.40510000	3.38670000	2.40510000	2	0
DATA	ETH_UP	ETH	UP	eth_up_down_5m_up_diff_5_instant	ETH Up or Down 5m Up 5 Diff Instant	2026-06-09	20	11	9	16.44670000	16.44670000	16.44670000	0	0
DATA	ETH_UP	ETH	UP	eth_up_down_5m_up_diff_6_instant	ETH Up or Down 5m Up 6 Diff Instant	2026-06-08	1	1	0	3.38670000	3.38670000	3.38670000	0	0
DATA	ETH_UP	ETH	UP	eth_up_down_5m_up_diff_6_instant	ETH Up or Down 5m Up 6 Diff Instant	2026-06-09	18	10	8	16.05670000	16.05670000	16.05670000	0	0
DATA	ETH_UP	ETH	UP	eth_up_down_5m_up_diff_7_instant	ETH Up or Down 5m Up 7 Diff Instant	2026-06-09	14	8	6	10.82970000	10.82970000	10.82970000	0	0
DATA	ETH_UP	ETH	UP	eth_up_down_5m_up_diff_8_instant	ETH Up or Down 5m Up 8 Diff Instant	2026-06-09	12	7	5	10.30350000	10.30350000	10.30350000	0	0
DATA	ETH_UP	ETH	UP	eth_up_down_5m_up_diff_9_instant	ETH Up or Down 5m Up 9 Diff Instant	2026-06-09	11	6	5	7.17720000	7.17720000	7.17720000	0	0
DATA	SOL_DOWN	SOL	DOWN	sol_up_down_5m_down_diff_1_instant	SOL Up or Down 5m Down 1 Diff Instant	2026-06-08	51	28	23	29.27490000	40.26930000	29.27490000	22	0
DATA	SOL_DOWN	SOL	DOWN	sol_up_down_5m_down_diff_1_instant	SOL Up or Down 5m Down 1 Diff Instant	2026-06-09	41	19	22	-5.93850000	-7.10830000	-5.93850000	14	0
DATA	SOL_DOWN	SOL	DOWN	sol_up_down_5m_down_diff_2_instant	SOL Up or Down 5m Down 2 Diff Instant	2026-06-08	37	22	15	29.67410000	32.66430000	29.67410000	20	0
DATA	SOL_DOWN	SOL	DOWN	sol_up_down_5m_down_diff_2_instant	SOL Up or Down 5m Down 2 Diff Instant	2026-06-09	38	17	21	-9.70680000	-8.10700000	-9.70680000	13	0
DATA	SOL_DOWN	SOL	DOWN	sol_up_down_5m_down_diff_3_instant	SOL Up or Down 5m Down 3 Diff Instant	2026-06-08	25	14	11	17.84270000	16.62480000	17.84270000	14	0
DATA	SOL_DOWN	SOL	DOWN	sol_up_down_5m_down_diff_3_instant	SOL Up or Down 5m Down 3 Diff Instant	2026-06-09	35	16	19	-6.41860000	-8.66580000	-6.41860000	10	0
DATA	SOL_DOWN	SOL	DOWN	sol_up_down_5m_down_diff_4_instant	SOL Up or Down 5m Down 4 Diff Instant	2026-06-08	18	11	7	14.88490000	16.10070000	14.88490000	11	0
DATA	SOL_DOWN	SOL	DOWN	sol_up_down_5m_down_diff_4_instant	SOL Up or Down 5m Down 4 Diff Instant	2026-06-09	29	14	15	-0.45790000	-0.92120000	-0.45790000	9	0
DATA	SOL_DOWN	SOL	DOWN	sol_up_down_5m_down_diff_5_instant	SOL Up or Down 5m Down 5 Diff Instant	2026-06-08	12	7	5	6.16030000	12.67810000	6.16030000	9	0
DATA	SOL_DOWN	SOL	DOWN	sol_up_down_5m_down_diff_5_instant	SOL Up or Down 5m Down 5 Diff Instant	2026-06-09	20	9	11	-5.44150000	-5.89100000	-5.44150000	7	0
DATA	SOL_DOWN	SOL	DOWN	sol_up_down_5m_down_diff_6_instant	SOL Up or Down 5m Down 6 Diff Instant	2026-06-08	9	5	4	4.58330000	12.67810000	4.58330000	6	0
DATA	SOL_DOWN	SOL	DOWN	sol_up_down_5m_down_diff_6_instant	SOL Up or Down 5m Down 6 Diff Instant	2026-06-09	17	8	9	-3.28930000	-7.85720000	-3.28930000	6	0
DATA	SOL_DOWN	SOL	DOWN	sol_up_down_5m_down_diff_7_instant	SOL Up or Down 5m Down 7 Diff Instant	2026-06-08	7	4	3	3.47560000	7.56880000	3.47560000	5	0
DATA	SOL_DOWN	SOL	DOWN	sol_up_down_5m_down_diff_7_instant	SOL Up or Down 5m Down 7 Diff Instant	2026-06-09	10	6	4	6.69760000	1.14430000	6.69760000	4	0
DATA	SOL_DOWN	SOL	DOWN	sol_up_down_5m_down_diff_8_instant	SOL Up or Down 5m Down 8 Diff Instant	2026-06-08	4	3	1	6.23040000	4.31880000	6.23040000	3	0
DATA	SOL_DOWN	SOL	DOWN	sol_up_down_5m_down_diff_8_instant	SOL Up or Down 5m Down 8 Diff Instant	2026-06-09	3	3	0	9.93110000	4.14700000	9.93110000	2	0
DATA	SOL_DOWN	SOL	DOWN	sol_up_down_5m_down_diff_9_instant	SOL Up or Down 5m Down 9 Diff Instant	2026-06-08	2	2	0	5.91560000	0	5.91560000	2	0
DATA	SOL_UP	SOL	UP	sol_up_down_5m_up_diff_1_instant	SOL Up or Down 5m Up 1 Diff Instant	2026-06-08	57	24	33	-16.67160000	-18.19670000	-16.67160000	24	0
DATA	SOL_UP	SOL	UP	sol_up_down_5m_up_diff_1_instant	SOL Up or Down 5m Up 1 Diff Instant	2026-06-09	108	49	59	-11.22020000	1.39900000	-11.22020000	28	0
DATA	SOL_UP	SOL	UP	sol_up_down_5m_up_diff_10_instant	SOL Up or Down 5m Up 10 Diff Instant	2026-06-08	3	2	1	6.42480000	6.42480000	6.42480000	0	0
DATA	SOL_UP	SOL	UP	sol_up_down_5m_up_diff_10_instant	SOL Up or Down 5m Up 10 Diff Instant	2026-06-09	20	9	11	-2.51840000	-2.51840000	-2.51840000	0	0
DATA	SOL_UP	SOL	UP	sol_up_down_5m_up_diff_15_instant	SOL Up or Down 5m Up 15 Diff Instant	2026-06-09	1	0	1	-3.00000000	-3.00000000	-3.00000000	0	0
DATA	SOL_UP	SOL	UP	sol_up_down_5m_up_diff_2_instant	SOL Up or Down 5m Up 2 Diff Instant	2026-06-08	42	19	23	-3.33460000	-7.95770000	-3.33460000	20	0
DATA	SOL_UP	SOL	UP	sol_up_down_5m_up_diff_2_instant	SOL Up or Down 5m Up 2 Diff Instant	2026-06-09	103	46	57	-15.33210000	-0.10820000	-15.33210000	25	0
DATA	SOL_UP	SOL	UP	sol_up_down_5m_up_diff_3_instant	SOL Up or Down 5m Up 3 Diff Instant	2026-06-08	35	15	20	-7.05670000	-2.95510000	-7.05670000	15	0
DATA	SOL_UP	SOL	UP	sol_up_down_5m_up_diff_3_instant	SOL Up or Down 5m Up 3 Diff Instant	2026-06-09	98	43	55	-18.03760000	-1.26380000	-18.03760000	24	0
DATA	SOL_UP	SOL	UP	sol_up_down_5m_up_diff_4_instant	SOL Up or Down 5m Up 4 Diff Instant	2026-06-08	26	12	14	3.03250000	4.23430000	3.03250000	11	0
DATA	SOL_UP	SOL	UP	sol_up_down_5m_up_diff_4_instant	SOL Up or Down 5m Up 4 Diff Instant	2026-06-09	95	43	52	-8.13160000	1.64660000	-8.13160000	22	0
DATA	SOL_UP	SOL	UP	sol_up_down_5m_up_diff_5_instant	SOL Up or Down 5m Up 5 Diff Instant	2026-06-08	19	9	10	2.53430000	3.87050000	2.53430000	9	0
DATA	SOL_UP	SOL	UP	sol_up_down_5m_up_diff_5_instant	SOL Up or Down 5m Up 5 Diff Instant	2026-06-09	90	40	50	-12.93000000	-5.95740000	-12.93000000	21	0
DATA	SOL_UP	SOL	UP	sol_up_down_5m_up_diff_6_instant	SOL Up or Down 5m Up 6 Diff Instant	2026-06-08	15	8	7	8.27260000	1.48460000	8.27260000	7	0
DATA	SOL_UP	SOL	UP	sol_up_down_5m_up_diff_6_instant	SOL Up or Down 5m Up 6 Diff Instant	2026-06-09	83	39	44	1.88690000	4.85120000	1.88690000	20	0
DATA	SOL_UP	SOL	UP	sol_up_down_5m_up_diff_7_instant	SOL Up or Down 5m Up 7 Diff Instant	2026-06-08	11	7	4	12.59950000	5.48770000	12.59950000	5	0
DATA	SOL_UP	SOL	UP	sol_up_down_5m_up_diff_7_instant	SOL Up or Down 5m Up 7 Diff Instant	2026-06-09	70	34	36	10.96380000	7.03010000	10.96380000	15	0
DATA	SOL_UP	SOL	UP	sol_up_down_5m_up_diff_8_instant	SOL Up or Down 5m Up 8 Diff Instant	2026-06-08	6	4	2	10.09950000	4.42170000	10.09950000	2	0
DATA	SOL_UP	SOL	UP	sol_up_down_5m_up_diff_8_instant	SOL Up or Down 5m Up 8 Diff Instant	2026-06-09	53	28	25	21.10610000	2.08260000	21.10610000	7	0
DATA	SOL_UP	SOL	UP	sol_up_down_5m_up_diff_9_instant	SOL Up or Down 5m Up 9 Diff Instant	2026-06-08	4	3	1	9.20410000	6.42430000	9.20410000	1	0
DATA	SOL_UP	SOL	UP	sol_up_down_5m_up_diff_9_instant	SOL Up or Down 5m Up 9 Diff Instant	2026-06-09	33	17	16	11.66070000	8.51470000	11.66070000	1	0
