asset,strategy_name,diff_group,threshold,target_outcome,signal_markets,max_abs_diff_seen,instant_bets,instant_wins,instant_losses,instant_win_rate,instant_pnl_per_1usd,instant_roi_pct,instant_avg_entry_price,instant_price_above_cap,instant_missing_entry_price,instant_unsettled,strong_bets,strong_wins,strong_losses,strong_win_rate,strong_pnl_per_1usd,strong_roi_pct,strong_avg_entry_price,strong_price_above_cap,strong_missing_entry_price,strong_unsettled,binance_bets,binance_wins,binance_losses,binance_win_rate,binance_pnl_per_1usd,binance_roi_pct,binance_avg_entry_price,binance_price_above_cap,binance_missing_entry_price,binance_unsettled
"BTC","BTC Up or Down 5m Down 1 Diff Instant","Down",1,"Up",3239,17,2797,1384,1413,49.48158742,-67.95685801,-2.42963382,0.50675366,119,1,322,2917,1466,1451,50.25711347,15,0.51422695,0.5,0,0,322,3232,1605,1627,49.65965347,-22,-0.68069307,0.5,0,0,7
"BTC","BTC Up or Down 5m Down 2 Diff Instant","Down",2,"Up",1860,17,1676,818,858,48.80668258,-85.11763058,-5.07861758,0.51119332,70,0,114,1746,870,876,49.82817869,-6,-0.34364261,0.5,0,0,114,1855,925,930,49.86522911,-5,-0.26954178,0.5,0,0,5
"BTC","BTC Up or Down 5m Down 3 Diff Instant","Down",3,"Up",1080,17,965,478,487,49.53367876,-39.34425209,-4.07712457,0.51374093,40,0,75,1005,509,496,50.64676617,13,1.29353234,0.5,0,0,75,1077,539,538,50.04642526,1,0.09285051,0.5,0,0,3
"BTC","BTC Up or Down 5m Down 4 Diff Instant","Down",4,"Up",568,17,511,245,266,47.94520548,-39.42643842,-7.71554568,0.5160274,21,0,36,532,262,270,49.2481203,-8,-1.5037594,0.5,0,0,36,565,279,286,49.38053097,-7,-1.23893805,0.5,0,0,3
"BTC","BTC Up or Down 5m Down 5 Diff Instant","Down",5,"Up",361,17,324,163,161,50.30864198,-6.95641501,-2.14704167,0.50996914,13,0,24,337,173,164,51.33531157,9,2.67062315,0.5,0,0,24,359,186,173,51.81058496,13,3.62116992,0.5,0,0,2
"BTC","BTC Up or Down 5m Down 6 Diff Instant","Down",6,"Up",246,17,220,111,109,50.45454545,-4.15833228,-1.89015104,0.51104545,8,0,18,228,118,110,51.75438596,8,3.50877193,0.5,0,0,18,244,125,119,51.2295082,6,2.45901639,0.5,0,0,2
"BTC","BTC Up or Down 5m Down 7 Diff Instant","Down",7,"Up",182,17,160,80,80,50,-3.2522035,-2.03262719,0.50925,7,0,15,167,86,81,51.49700599,5,2.99401198,0.5,0,0,15,182,93,89,51.0989011,4,2.1978022,0.5,0,0,0
"BTC","BTC Up or Down 5m Down 8 Diff Instant","Down",8,"Up",131,17,115,60,55,52.17391304,1.58548452,1.37868219,0.50756522,6,0,10,121,65,56,53.71900826,9,7.43801653,0.5,0,0,10,131,72,59,54.96183206,13,9.92366412,0.5,0,0,0
"BTC","BTC Up or Down 5m Down 9 Diff Instant","Down",9,"Up",99,17,87,50,37,57.47126437,8.97277938,10.31353952,0.50965517,4,0,8,91,54,37,59.34065934,17,18.68131868,0.5,0,0,8,99,59,40,59.5959596,19,19.19191919,0.5,0,0,0
"BTC","BTC Up or Down 5m Down 10 Diff Instant","Down",10,"Up",79,17,69,39,30,56.52173913,5.6135444,8.13557159,0.51072464,4,0,6,73,43,30,58.90410959,13,17.80821918,0.5,0,0,6,79,46,33,58.2278481,13,16.4556962,0.5,0,0,0
"BTC","BTC Up or Down 5m Down 15 Diff Instant","Down",15,"Up",5,17,5,3,2,60,0.50755142,10.1510284,0.528,0,0,0,5,3,2,60,1,20,0.5,0,0,0,5,3,2,60,1,20,0.5,0,0,0
"BTC","BTC Up or Down 5m Down 20 Diff Instant","Down",20,"Up",0,0,0,0,0,,0,,,0,0,0,0,0,0,,0,,,0,0,0,0,0,0,,0,,,0,0,0
"BTC","BTC Up or Down 5m Down 25 Diff Instant","Down",25,"Up",0,0,0,0,0,,0,,,0,0,0,0,0,0,,0,,,0,0,0,0,0,0,,0,,,0,0,0
"BTC","BTC Up or Down 5m Down 30 Diff Instant","Down",30,"Up",0,0,0,0,0,,0,,,0,0,0,0,0,0,,0,,,0,0,0,0,0,0,,0,,,0,0,0
"BTC","BTC Up or Down 5m Down 35 Diff Instant","Down",35,"Up",0,0,0,0,0,,0,,,0,0,0,0,0,0,,0,,,0,0,0,0,0,0,,0,,,0,0,0
"BTC","BTC Up or Down 5m Down 40 Diff Instant","Down",40,"Up",0,0,0,0,0,,0,,,0,0,0,0,0,0,,0,,,0,0,0,0,0,0,,0,,,0,0,0
"BTC","BTC Up or Down 5m Down 45 Diff Instant","Down",45,"Up",0,0,0,0,0,,0,,,0,0,0,0,0,0,,0,,,0,0,0,0,0,0,,0,,,0,0,0
"BTC","BTC Up or Down 5m Down 50 Diff Instant","Down",50,"Up",0,0,0,0,0,,0,,,0,0,0,0,0,0,,0,,,0,0,0,0,0,0,,0,,,0,0,0
"BTC","BTC Up or Down 5m Down 55 Diff Instant","Down",55,"Up",0,0,0,0,0,,0,,,0,0,0,0,0,0,,0,,,0,0,0,0,0,0,,0,,,0,0,0
"BTC","BTC Up or Down 5m Down 60 Diff Instant","Down",60,"Up",0,0,0,0,0,,0,,,0,0,0,0,0,0,,0,,,0,0,0,0,0,0,,0,,,0,0,0
"BTC","BTC Up or Down 5m Down 65 Diff Instant","Down",65,"Up",0,0,0,0,0,,0,,,0,0,0,0,0,0,,0,,,0,0,0,0,0,0,,0,,,0,0,0
"BTC","BTC Up or Down 5m Down 70 Diff Instant","Down",70,"Up",0,0,0,0,0,,0,,,0,0,0,0,0,0,,0,,,0,0,0,0,0,0,,0,,,0,0,0
"BTC","BTC Up or Down 5m Down 75 Diff Instant","Down",75,"Up",0,0,0,0,0,,0,,,0,0,0,0,0,0,,0,,,0,0,0,0,0,0,,0,,,0,0,0
"BTC","BTC Up or Down 5m Down 80 Diff Instant","Down",80,"Up",0,0,0,0,0,,0,,,0,0,0,0,0,0,,0,,,0,0,0,0,0,0,,0,,,0,0,0
"BTC","BTC Up or Down 5m Down 85 Diff Instant","Down",85,"Up",0,0,0,0,0,,0,,,0,0,0,0,0,0,,0,,,0,0,0,0,0,0,,0,,,0,0,0
"BTC","BTC Up or Down 5m Down 90 Diff Instant","Down",90,"Up",0,0,0,0,0,,0,,,0,0,0,0,0,0,,0,,,0,0,0,0,0,0,,0,,,0,0,0
"BTC","BTC Up or Down 5m Down 95 Diff Instant","Down",95,"Up",0,0,0,0,0,,0,,,0,0,0,0,0,0,,0,,,0,0,0,0,0,0,,0,,,0,0,0
"BTC","BTC Up or Down 5m Down 100 Diff Instant","Down",100,"Up",0,0,0,0,0,,0,,,0,0,0,0,0,0,,0,,,0,0,0,0,0,0,,0,,,0,0,0
"BTC","BTC Up or Down 5m Down 105 Diff Instant","Down",105,"Up",0,0,0,0,0,,0,,,0,0,0,0,0,0,,0,,,0,0,0,0,0,0,,0,,,0,0,0
"BTC","BTC Up or Down 5m Down 110 Diff Instant","Down",110,"Up",0,0,0,0,0,,0,,,0,0,0,0,0,0,,0,,,0,0,0,0,0,0,,0,,,0,0,0
"BTC","BTC Up or Down 5m Down 115 Diff Instant","Down",115,"Up",0,0,0,0,0,,0,,,0,0,0,0,0,0,,0,,,0,0,0,0,0,0,,0,,,0,0,0
"BTC","BTC Up or Down 5m Down 120 Diff Instant","Down",120,"Up",0,0,0,0,0,,0,,,0,0,0,0,0,0,,0,,,0,0,0,0,0,0,,0,,,0,0,0
"BTC","BTC Up or Down 5m Down 125 Diff Instant","Down",125,"Up",0,0,0,0,0,,0,,,0,0,0,0,0,0,,0,,,0,0,0,0,0,0,,0,,,0,0,0
"BTC","BTC Up or Down 5m Down 130 Diff Instant","Down",130,"Up",0,0,0,0,0,,0,,,0,0,0,0,0,0,,0,,,0,0,0,0,0,0,,0,,,0,0,0
"BTC","BTC Up or Down 5m Down 135 Diff Instant","Down",135,"Up",0,0,0,0,0,,0,,,0,0,0,0,0,0,,0,,,0,0,0,0,0,0,,0,,,0,0,0
"BTC","BTC Up or Down 5m Down 140 Diff Instant","Down",140,"Up",0,0,0,0,0,,0,,,0,0,0,0,0,0,,0,,,0,0,0,0,0,0,,0,,,0,0,0
"BTC","BTC Up or Down 5m Down 145 Diff Instant","Down",145,"Up",0,0,0,0,0,,0,,,0,0,0,0,0,0,,0,,,0,0,0,0,0,0,,0,,,0,0,0
"BTC","BTC Up or Down 5m Down 150 Diff Instant","Down",150,"Up",0,0,0,0,0,,0,,,0,0,0,0,0,0,,0,,,0,0,0,0,0,0,,0,,,0,0,0
"BTC","BTC Up or Down 5m Up 1 Diff Instant","Up",1,"Down",3027,15,2777,1389,1388,50.01800504,-27.70028255,-0.99748947,0.50344256,93,0,157,2870,1459,1411,50.83623693,48,1.67247387,0.5,0,0,157,3019,1542,1477,51.0765154,65,2.1530308,0.5,0,0,8
"BTC","BTC Up or Down 5m Up 2 Diff Instant","Up",2,"Down",1849,15,1709,832,877,48.68344061,-72.82846133,-4.26146643,0.50738444,56,0,84,1765,875,890,49.57507082,-15,-0.84985836,0.5,0,0,84,1845,918,927,49.75609756,-9,-0.48780488,0.5,0,0,4
"BTC","BTC Up or Down 5m Up 3 Diff Instant","Up",3,"Down",1082,15,1003,498,505,49.65104686,-26.22042411,-2.61419981,0.50920239,32,0,47,1035,521,514,50.33816425,7,0.6763285,0.5,0,0,47,1080,548,532,50.74074074,16,1.48148148,0.5,0,0,2
"BTC","BTC Up or Down 5m Up 4 Diff Instant","Up",4,"Down",598,15,557,266,291,47.75583483,-32.09572812,-5.76224921,0.50682226,13,0,28,570,275,295,48.24561404,-20,-3.50877193,0.5,0,0,28,597,291,306,48.74371859,-15,-2.51256281,0.5,0,0,1
"BTC","BTC Up or Down 5m Up 5 Diff Instant","Up",5,"Down",379,15,351,166,185,47.29344729,-22.47264466,-6.40246287,0.50749288,6,0,22,357,170,187,47.61904762,-17,-4.76190476,0.5,0,0,22,378,185,193,48.94179894,-8,-2.11640212,0.5,0,0,1
"BTC","BTC Up or Down 5m Up 6 Diff Instant","Up",6,"Down",242,15,227,110,117,48.45814978,-9.98045886,-4.39667791,0.51026432,3,0,12,230,111,119,48.26086957,-8,-3.47826087,0.5,0,0,12,241,121,120,50.20746888,1,0.41493776,0.5,0,0,1
"BTC","BTC Up or Down 5m Up 7 Diff Instant","Up",7,"Down",167,15,161,76,85,47.20496894,-12.45947956,-7.73880718,0.50801242,1,0,5,162,77,85,47.5308642,-8,-4.9382716,0.5,0,0,5,167,85,82,50.89820359,3,1.79640719,0.5,0,0,0
"BTC","BTC Up or Down 5m Up 8 Diff Instant","Up",8,"Down",127,15,123,57,66,46.34146341,-11.93274392,-9.70141782,0.50837398,0,0,4,123,57,66,46.34146341,-9,-7.31707317,0.5,0,0,4,127,62,65,48.81889764,-3,-2.36220472,0.5,0,0,0
"BTC","BTC Up or Down 5m Up 9 Diff Instant","Up",9,"Down",97,15,93,42,51,45.16129032,-11.21621188,-12.06044288,0.50645161,0,0,4,93,42,51,45.16129032,-9,-9.67741935,0.5,0,0,4,97,45,52,46.39175258,-7,-7.21649485,0.5,0,0,0
"BTC","BTC Up or Down 5m Up 10 Diff Instant","Up",10,"Down",71,15,68,33,35,48.52941176,-2.71340568,-3.99030247,0.50455882,0,0,3,68,33,35,48.52941176,-2,-2.94117647,0.5,0,0,3,71,35,36,49.29577465,-1,-1.4084507,0.5,0,0,0
"BTC","BTC Up or Down 5m Up 15 Diff Instant","Up",15,"Down",1,15,1,1,0,100,0.66666667,66.66666667,0.6,0,0,0,1,1,0,100,1,100,0.5,0,0,0,1,1,0,100,1,100,0.5,0,0,0
"BTC","BTC Up or Down 5m Up 20 Diff Instant","Up",20,"Down",0,0,0,0,0,,0,,,0,0,0,0,0,0,,0,,,0,0,0,0,0,0,,0,,,0,0,0
"BTC","BTC Up or Down 5m Up 25 Diff Instant","Up",25,"Down",0,0,0,0,0,,0,,,0,0,0,0,0,0,,0,,,0,0,0,0,0,0,,0,,,0,0,0
"BTC","BTC Up or Down 5m Up 30 Diff Instant","Up",30,"Down",0,0,0,0,0,,0,,,0,0,0,0,0,0,,0,,,0,0,0,0,0,0,,0,,,0,0,0
"BTC","BTC Up or Down 5m Up 35 Diff Instant","Up",35,"Down",0,0,0,0,0,,0,,,0,0,0,0,0,0,,0,,,0,0,0,0,0,0,,0,,,0,0,0
"BTC","BTC Up or Down 5m Up 40 Diff Instant","Up",40,"Down",0,0,0,0,0,,0,,,0,0,0,0,0,0,,0,,,0,0,0,0,0,0,,0,,,0,0,0
"BTC","BTC Up or Down 5m Up 45 Diff Instant","Up",45,"Down",0,0,0,0,0,,0,,,0,0,0,0,0,0,,0,,,0,0,0,0,0,0,,0,,,0,0,0
"BTC","BTC Up or Down 5m Up 50 Diff Instant","Up",50,"Down",0,0,0,0,0,,0,,,0,0,0,0,0,0,,0,,,0,0,0,0,0,0,,0,,,0,0,0
"BTC","BTC Up or Down 5m Up 55 Diff Instant","Up",55,"Down",0,0,0,0,0,,0,,,0,0,0,0,0,0,,0,,,0,0,0,0,0,0,,0,,,0,0,0
"BTC","BTC Up or Down 5m Up 60 Diff Instant","Up",60,"Down",0,0,0,0,0,,0,,,0,0,0,0,0,0,,0,,,0,0,0,0,0,0,,0,,,0,0,0
"BTC","BTC Up or Down 5m Up 65 Diff Instant","Up",65,"Down",0,0,0,0,0,,0,,,0,0,0,0,0,0,,0,,,0,0,0,0,0,0,,0,,,0,0,0
"BTC","BTC Up or Down 5m Up 70 Diff Instant","Up",70,"Down",0,0,0,0,0,,0,,,0,0,0,0,0,0,,0,,,0,0,0,0,0,0,,0,,,0,0,0
"BTC","BTC Up or Down 5m Up 75 Diff Instant","Up",75,"Down",0,0,0,0,0,,0,,,0,0,0,0,0,0,,0,,,0,0,0,0,0,0,,0,,,0,0,0
"BTC","BTC Up or Down 5m Up 80 Diff Instant","Up",80,"Down",0,0,0,0,0,,0,,,0,0,0,0,0,0,,0,,,0,0,0,0,0,0,,0,,,0,0,0
"BTC","BTC Up or Down 5m Up 85 Diff Instant","Up",85,"Down",0,0,0,0,0,,0,,,0,0,0,0,0,0,,0,,,0,0,0,0,0,0,,0,,,0,0,0
"BTC","BTC Up or Down 5m Up 90 Diff Instant","Up",90,"Down",0,0,0,0,0,,0,,,0,0,0,0,0,0,,0,,,0,0,0,0,0,0,,0,,,0,0,0
"BTC","BTC Up or Down 5m Up 95 Diff Instant","Up",95,"Down",0,0,0,0,0,,0,,,0,0,0,0,0,0,,0,,,0,0,0,0,0,0,,0,,,0,0,0
"BTC","BTC Up or Down 5m Up 100 Diff Instant","Up",100,"Down",0,0,0,0,0,,0,,,0,0,0,0,0,0,,0,,,0,0,0,0,0,0,,0,,,0,0,0
"BTC","BTC Up or Down 5m Up 105 Diff Instant","Up",105,"Down",0,0,0,0,0,,0,,,0,0,0,0,0,0,,0,,,0,0,0,0,0,0,,0,,,0,0,0
"BTC","BTC Up or Down 5m Up 110 Diff Instant","Up",110,"Down",0,0,0,0,0,,0,,,0,0,0,0,0,0,,0,,,0,0,0,0,0,0,,0,,,0,0,0
"BTC","BTC Up or Down 5m Up 115 Diff Instant","Up",115,"Down",0,0,0,0,0,,0,,,0,0,0,0,0,0,,0,,,0,0,0,0,0,0,,0,,,0,0,0
"BTC","BTC Up or Down 5m Up 120 Diff Instant","Up",120,"Down",0,0,0,0,0,,0,,,0,0,0,0,0,0,,0,,,0,0,0,0,0,0,,0,,,0,0,0
"BTC","BTC Up or Down 5m Up 125 Diff Instant","Up",125,"Down",0,0,0,0,0,,0,,,0,0,0,0,0,0,,0,,,0,0,0,0,0,0,,0,,,0,0,0
"BTC","BTC Up or Down 5m Up 130 Diff Instant","Up",130,"Down",0,0,0,0,0,,0,,,0,0,0,0,0,0,,0,,,0,0,0,0,0,0,,0,,,0,0,0
"BTC","BTC Up or Down 5m Up 135 Diff Instant","Up",135,"Down",0,0,0,0,0,,0,,,0,0,0,0,0,0,,0,,,0,0,0,0,0,0,,0,,,0,0,0
"BTC","BTC Up or Down 5m Up 140 Diff Instant","Up",140,"Down",0,0,0,0,0,,0,,,0,0,0,0,0,0,,0,,,0,0,0,0,0,0,,0,,,0,0,0
"BTC","BTC Up or Down 5m Up 145 Diff Instant","Up",145,"Down",0,0,0,0,0,,0,,,0,0,0,0,0,0,,0,,,0,0,0,0,0,0,,0,,,0,0,0
"BTC","BTC Up or Down 5m Up 150 Diff Instant","Up",150,"Down",0,0,0,0,0,,0,,,0,0,0,0,0,0,,0,,,0,0,0,0,0,0,,0,,,0,0,0
"ETH","ETH Up or Down 5m Down 1 Diff Instant","Down",1,"Up",2399,10,2209,1056,1153,47.8044364,-145.14817323,-6.57076384,0.51082843,46,0,144,2255,1096,1159,48.60310421,-63,-2.79379157,0.5,0,0,144,2392,1165,1227,48.70401338,-62,-2.59197324,0.5,0,0,7
"ETH","ETH Up or Down 5m Down 2 Diff Instant","Down",2,"Up",1444,10,1330,634,696,47.66917293,-102.88229645,-7.73551101,0.51539098,34,0,80,1364,663,701,48.60703812,-38,-2.78592375,0.5,0,0,80,1439,698,741,48.50590688,-43,-2.98818624,0.5,0,0,5
"ETH","ETH Up or Down 5m Down 3 Diff Instant","Down",3,"Up",847,10,786,368,418,46.81933842,-76.71054462,-9.75961128,0.5174173,23,0,38,809,389,420,48.08405439,-31,-3.83189122,0.5,0,0,38,844,400,444,47.39336493,-44,-5.21327014,0.5,0,0,3
"ETH","ETH Up or Down 5m Down 4 Diff Instant","Down",4,"Up",414,10,389,184,205,47.30077121,-37.00418604,-9.51264423,0.51758355,8,0,17,397,190,207,47.85894207,-17,-4.28211587,0.5,0,0,17,412,195,217,47.33009709,-22,-5.33980583,0.5,0,0,2
"ETH","ETH Up or Down 5m Down 5 Diff Instant","Down",5,"Up",247,10,232,112,120,48.27586207,-20.04419512,-8.63973928,0.52168103,3,0,12,235,114,121,48.5106383,-7,-2.9787234,0.5,0,0,12,247,121,126,48.98785425,-5,-2.0242915,0.5,0,0,0
"ETH","ETH Up or Down 5m Down 6 Diff Instant","Down",6,"Up",139,10,129,66,63,51.1627907,-3.68733058,-2.8583958,0.52062016,1,0,9,130,66,64,50.76923077,2,1.53846154,0.5,0,0,9,139,69,70,49.64028777,-1,-0.71942446,0.5,0,0,0
"ETH","ETH Up or Down 5m Down 7 Diff Instant","Down",7,"Up",79,10,74,37,37,50,-3.31033919,-4.47343133,0.51918919,0,0,5,74,37,37,50,0,0,0.5,0,0,5,79,38,41,48.10126582,-3,-3.79746835,0.5,0,0,0
"ETH","ETH Up or Down 5m Down 8 Diff Instant","Down",8,"Up",30,10,30,16,14,53.33333333,0.74074832,2.46916106,0.51833333,0,0,0,30,16,14,53.33333333,2,6.66666667,0.5,0,0,0,30,15,15,50,0,0,0.5,0,0,0
"ETH","ETH Up or Down 5m Down 9 Diff Instant","Down",9,"Up",8,10,8,4,4,50,-0.44317388,-5.53967346,0.53,0,0,0,8,4,4,50,0,0,0.5,0,0,0,8,4,4,50,0,0,0.5,0,0,0
"ETH","ETH Up or Down 5m Down 10 Diff Instant","Down",10,"Up",3,10,3,1,2,33.33333333,-1.18181818,-39.39393939,0.55333333,0,0,0,3,1,2,33.33333333,-1,-33.33333333,0.5,0,0,0,3,1,2,33.33333333,-1,-33.33333333,0.5,0,0,0
"ETH","ETH Up or Down 5m Down 15 Diff Instant","Down",15,"Up",0,0,0,0,0,,0,,,0,0,0,0,0,0,,0,,,0,0,0,0,0,0,,0,,,0,0,0
"ETH","ETH Up or Down 5m Down 20 Diff Instant","Down",20,"Up",0,0,0,0,0,,0,,,0,0,0,0,0,0,,0,,,0,0,0,0,0,0,,0,,,0,0,0
"ETH","ETH Up or Down 5m Down 25 Diff Instant","Down",25,"Up",0,0,0,0,0,,0,,,0,0,0,0,0,0,,0,,,0,0,0,0,0,0,,0,,,0,0,0
"ETH","ETH Up or Down 5m Down 30 Diff Instant","Down",30,"Up",0,0,0,0,0,,0,,,0,0,0,0,0,0,,0,,,0,0,0,0,0,0,,0,,,0,0,0
"ETH","ETH Up or Down 5m Down 35 Diff Instant","Down",35,"Up",0,0,0,0,0,,0,,,0,0,0,0,0,0,,0,,,0,0,0,0,0,0,,0,,,0,0,0
"ETH","ETH Up or Down 5m Down 40 Diff Instant","Down",40,"Up",0,0,0,0,0,,0,,,0,0,0,0,0,0,,0,,,0,0,0,0,0,0,,0,,,0,0,0
"ETH","ETH Up or Down 5m Down 45 Diff Instant","Down",45,"Up",0,0,0,0,0,,0,,,0,0,0,0,0,0,,0,,,0,0,0,0,0,0,,0,,,0,0,0
"ETH","ETH Up or Down 5m Down 50 Diff Instant","Down",50,"Up",0,0,0,0,0,,0,,,0,0,0,0,0,0,,0,,,0,0,0,0,0,0,,0,,,0,0,0
"ETH","ETH Up or Down 5m Down 55 Diff Instant","Down",55,"Up",0,0,0,0,0,,0,,,0,0,0,0,0,0,,0,,,0,0,0,0,0,0,,0,,,0,0,0
"ETH","ETH Up or Down 5m Down 60 Diff Instant","Down",60,"Up",0,0,0,0,0,,0,,,0,0,0,0,0,0,,0,,,0,0,0,0,0,0,,0,,,0,0,0
"ETH","ETH Up or Down 5m Down 65 Diff Instant","Down",65,"Up",0,0,0,0,0,,0,,,0,0,0,0,0,0,,0,,,0,0,0,0,0,0,,0,,,0,0,0
"ETH","ETH Up or Down 5m Down 70 Diff Instant","Down",70,"Up",0,0,0,0,0,,0,,,0,0,0,0,0,0,,0,,,0,0,0,0,0,0,,0,,,0,0,0
"ETH","ETH Up or Down 5m Down 75 Diff Instant","Down",75,"Up",0,0,0,0,0,,0,,,0,0,0,0,0,0,,0,,,0,0,0,0,0,0,,0,,,0,0,0
"ETH","ETH Up or Down 5m Down 80 Diff Instant","Down",80,"Up",0,0,0,0,0,,0,,,0,0,0,0,0,0,,0,,,0,0,0,0,0,0,,0,,,0,0,0
"ETH","ETH Up or Down 5m Down 85 Diff Instant","Down",85,"Up",0,0,0,0,0,,0,,,0,0,0,0,0,0,,0,,,0,0,0,0,0,0,,0,,,0,0,0
"ETH","ETH Up or Down 5m Down 90 Diff Instant","Down",90,"Up",0,0,0,0,0,,0,,,0,0,0,0,0,0,,0,,,0,0,0,0,0,0,,0,,,0,0,0
"ETH","ETH Up or Down 5m Down 95 Diff Instant","Down",95,"Up",0,0,0,0,0,,0,,,0,0,0,0,0,0,,0,,,0,0,0,0,0,0,,0,,,0,0,0
"ETH","ETH Up or Down 5m Down 100 Diff Instant","Down",100,"Up",0,0,0,0,0,,0,,,0,0,0,0,0,0,,0,,,0,0,0,0,0,0,,0,,,0,0,0
"ETH","ETH Up or Down 5m Down 105 Diff Instant","Down",105,"Up",0,0,0,0,0,,0,,,0,0,0,0,0,0,,0,,,0,0,0,0,0,0,,0,,,0,0,0
"ETH","ETH Up or Down 5m Down 110 Diff Instant","Down",110,"Up",0,0,0,0,0,,0,,,0,0,0,0,0,0,,0,,,0,0,0,0,0,0,,0,,,0,0,0
"ETH","ETH Up or Down 5m Down 115 Diff Instant","Down",115,"Up",0,0,0,0,0,,0,,,0,0,0,0,0,0,,0,,,0,0,0,0,0,0,,0,,,0,0,0
"ETH","ETH Up or Down 5m Down 120 Diff Instant","Down",120,"Up",0,0,0,0,0,,0,,,0,0,0,0,0,0,,0,,,0,0,0,0,0,0,,0,,,0,0,0
"ETH","ETH Up or Down 5m Down 125 Diff Instant","Down",125,"Up",0,0,0,0,0,,0,,,0,0,0,0,0,0,,0,,,0,0,0,0,0,0,,0,,,0,0,0
"ETH","ETH Up or Down 5m Down 130 Diff Instant","Down",130,"Up",0,0,0,0,0,,0,,,0,0,0,0,0,0,,0,,,0,0,0,0,0,0,,0,,,0,0,0
"ETH","ETH Up or Down 5m Down 135 Diff Instant","Down",135,"Up",0,0,0,0,0,,0,,,0,0,0,0,0,0,,0,,,0,0,0,0,0,0,,0,,,0,0,0
"ETH","ETH Up or Down 5m Down 140 Diff Instant","Down",140,"Up",0,0,0,0,0,,0,,,0,0,0,0,0,0,,0,,,0,0,0,0,0,0,,0,,,0,0,0
"ETH","ETH Up or Down 5m Down 145 Diff Instant","Down",145,"Up",0,0,0,0,0,,0,,,0,0,0,0,0,0,,0,,,0,0,0,0,0,0,,0,,,0,0,0
"ETH","ETH Up or Down 5m Down 150 Diff Instant","Down",150,"Up",0,0,0,0,0,,0,,,0,0,0,0,0,0,,0,,,0,0,0,0,0,0,,0,,,0,0,0
"ETH","ETH Up or Down 5m Up 1 Diff Instant","Up",1,"Down",2401,13,2222,1116,1106,50.2250225,-44.68835939,-2.01117729,0.51125563,49,0,130,2271,1146,1125,50.46235139,21,0.92470277,0.5,0,0,130,2391,1208,1183,50.52279381,25,1.04558762,0.5,0,0,10
"ETH","ETH Up or Down 5m Up 2 Diff Instant","Up",2,"Down",1454,13,1335,679,656,50.86142322,-13.46283409,-1.00845199,0.51240449,31,0,88,1366,699,667,51.17130307,32,2.34260615,0.5,0,0,88,1446,731,715,50.55325035,16,1.10650069,0.5,0,0,8
"ETH","ETH Up or Down 5m Up 3 Diff Instant","Up",3,"Down",870,13,800,394,406,49.25,-30.69422071,-3.83677759,0.5112375,12,0,58,812,404,408,49.75369458,-4,-0.49261084,0.5,0,0,58,864,431,433,49.88425926,-2,-0.23148148,0.5,0,0,6
"ETH","ETH Up or Down 5m Up 4 Diff Instant","Up",4,"Down",415,13,382,208,174,54.45026178,26.58722182,6.96000571,0.51125654,7,0,26,389,214,175,55.01285347,39,10.02570694,0.5,0,0,26,414,224,190,54.10628019,34,8.21256039,0.5,0,0,1
"ETH","ETH Up or Down 5m Up 5 Diff Instant","Up",5,"Down",242,13,223,124,99,55.60538117,20.49076096,9.18868204,0.51174888,3,0,16,226,127,99,56.19469027,28,12.38938053,0.5,0,0,16,241,134,107,55.60165975,27,11.2033195,0.5,0,0,1
"ETH","ETH Up or Down 5m Up 6 Diff Instant","Up",6,"Down",114,13,102,64,38,62.74509804,24.95714928,24.46779341,0.50696078,3,0,9,105,67,38,63.80952381,29,27.61904762,0.5,0,0,9,113,71,42,62.83185841,29,25.66371681,0.5,0,0,1
"ETH","ETH Up or Down 5m Up 7 Diff Instant","Up",7,"Down",66,13,58,34,24,58.62068966,8.90720479,15.35724963,0.50586207,2,0,6,60,36,24,60,12,20,0.5,0,0,6,65,40,25,61.53846154,15,23.07692308,0.5,0,0,1
"ETH","ETH Up or Down 5m Up 8 Diff Instant","Up",8,"Down",33,13,27,16,11,59.25925926,4.92303349,18.23345737,0.50740741,2,0,4,29,18,11,62.06896552,7,24.13793103,0.5,0,0,4,32,20,12,62.5,8,25,0.5,0,0,1
"ETH","ETH Up or Down 5m Up 9 Diff Instant","Up",9,"Down",15,13,11,8,3,72.72727273,5.49539129,49.95810263,0.50090909,1,0,3,12,9,3,75,6,50,0.5,0,0,3,15,10,5,66.66666667,5,33.33333333,0.5,0,0,0
"ETH","ETH Up or Down 5m Up 10 Diff Instant","Up",10,"Down",8,13,6,4,2,66.66666667,2.36971724,39.49528732,0.48666667,1,0,1,7,5,2,71.42857143,3,42.85714286,0.5,0,0,1,8,5,3,62.5,2,25,0.5,0,0,0
"ETH","ETH Up or Down 5m Up 15 Diff Instant","Up",15,"Down",0,0,0,0,0,,0,,,0,0,0,0,0,0,,0,,,0,0,0,0,0,0,,0,,,0,0,0
"ETH","ETH Up or Down 5m Up 20 Diff Instant","Up",20,"Down",0,0,0,0,0,,0,,,0,0,0,0,0,0,,0,,,0,0,0,0,0,0,,0,,,0,0,0
"ETH","ETH Up or Down 5m Up 25 Diff Instant","Up",25,"Down",0,0,0,0,0,,0,,,0,0,0,0,0,0,,0,,,0,0,0,0,0,0,,0,,,0,0,0
"ETH","ETH Up or Down 5m Up 30 Diff Instant","Up",30,"Down",0,0,0,0,0,,0,,,0,0,0,0,0,0,,0,,,0,0,0,0,0,0,,0,,,0,0,0
"ETH","ETH Up or Down 5m Up 35 Diff Instant","Up",35,"Down",0,0,0,0,0,,0,,,0,0,0,0,0,0,,0,,,0,0,0,0,0,0,,0,,,0,0,0
"ETH","ETH Up or Down 5m Up 40 Diff Instant","Up",40,"Down",0,0,0,0,0,,0,,,0,0,0,0,0,0,,0,,,0,0,0,0,0,0,,0,,,0,0,0
"ETH","ETH Up or Down 5m Up 45 Diff Instant","Up",45,"Down",0,0,0,0,0,,0,,,0,0,0,0,0,0,,0,,,0,0,0,0,0,0,,0,,,0,0,0
"ETH","ETH Up or Down 5m Up 50 Diff Instant","Up",50,"Down",0,0,0,0,0,,0,,,0,0,0,0,0,0,,0,,,0,0,0,0,0,0,,0,,,0,0,0
"ETH","ETH Up or Down 5m Up 55 Diff Instant","Up",55,"Down",0,0,0,0,0,,0,,,0,0,0,0,0,0,,0,,,0,0,0,0,0,0,,0,,,0,0,0
"ETH","ETH Up or Down 5m Up 60 Diff Instant","Up",60,"Down",0,0,0,0,0,,0,,,0,0,0,0,0,0,,0,,,0,0,0,0,0,0,,0,,,0,0,0
"ETH","ETH Up or Down 5m Up 65 Diff Instant","Up",65,"Down",0,0,0,0,0,,0,,,0,0,0,0,0,0,,0,,,0,0,0,0,0,0,,0,,,0,0,0
"ETH","ETH Up or Down 5m Up 70 Diff Instant","Up",70,"Down",0,0,0,0,0,,0,,,0,0,0,0,0,0,,0,,,0,0,0,0,0,0,,0,,,0,0,0
"ETH","ETH Up or Down 5m Up 75 Diff Instant","Up",75,"Down",0,0,0,0,0,,0,,,0,0,0,0,0,0,,0,,,0,0,0,0,0,0,,0,,,0,0,0
"ETH","ETH Up or Down 5m Up 80 Diff Instant","Up",80,"Down",0,0,0,0,0,,0,,,0,0,0,0,0,0,,0,,,0,0,0,0,0,0,,0,,,0,0,0
"ETH","ETH Up or Down 5m Up 85 Diff Instant","Up",85,"Down",0,0,0,0,0,,0,,,0,0,0,0,0,0,,0,,,0,0,0,0,0,0,,0,,,0,0,0
"ETH","ETH Up or Down 5m Up 90 Diff Instant","Up",90,"Down",0,0,0,0,0,,0,,,0,0,0,0,0,0,,0,,,0,0,0,0,0,0,,0,,,0,0,0
"ETH","ETH Up or Down 5m Up 95 Diff Instant","Up",95,"Down",0,0,0,0,0,,0,,,0,0,0,0,0,0,,0,,,0,0,0,0,0,0,,0,,,0,0,0
"ETH","ETH Up or Down 5m Up 100 Diff Instant","Up",100,"Down",0,0,0,0,0,,0,,,0,0,0,0,0,0,,0,,,0,0,0,0,0,0,,0,,,0,0,0
"ETH","ETH Up or Down 5m Up 105 Diff Instant","Up",105,"Down",0,0,0,0,0,,0,,,0,0,0,0,0,0,,0,,,0,0,0,0,0,0,,0,,,0,0,0
"ETH","ETH Up or Down 5m Up 110 Diff Instant","Up",110,"Down",0,0,0,0,0,,0,,,0,0,0,0,0,0,,0,,,0,0,0,0,0,0,,0,,,0,0,0
"ETH","ETH Up or Down 5m Up 115 Diff Instant","Up",115,"Down",0,0,0,0,0,,0,,,0,0,0,0,0,0,,0,,,0,0,0,0,0,0,,0,,,0,0,0
"ETH","ETH Up or Down 5m Up 120 Diff Instant","Up",120,"Down",0,0,0,0,0,,0,,,0,0,0,0,0,0,,0,,,0,0,0,0,0,0,,0,,,0,0,0
"ETH","ETH Up or Down 5m Up 125 Diff Instant","Up",125,"Down",0,0,0,0,0,,0,,,0,0,0,0,0,0,,0,,,0,0,0,0,0,0,,0,,,0,0,0
"ETH","ETH Up or Down 5m Up 130 Diff Instant","Up",130,"Down",0,0,0,0,0,,0,,,0,0,0,0,0,0,,0,,,0,0,0,0,0,0,,0,,,0,0,0
"ETH","ETH Up or Down 5m Up 135 Diff Instant","Up",135,"Down",0,0,0,0,0,,0,,,0,0,0,0,0,0,,0,,,0,0,0,0,0,0,,0,,,0,0,0
"ETH","ETH Up or Down 5m Up 140 Diff Instant","Up",140,"Down",0,0,0,0,0,,0,,,0,0,0,0,0,0,,0,,,0,0,0,0,0,0,,0,,,0,0,0
"ETH","ETH Up or Down 5m Up 145 Diff Instant","Up",145,"Down",0,0,0,0,0,,0,,,0,0,0,0,0,0,,0,,,0,0,0,0,0,0,,0,,,0,0,0
"ETH","ETH Up or Down 5m Up 150 Diff Instant","Up",150,"Down",0,0,0,0,0,,0,,,0,0,0,0,0,0,,0,,,0,0,0,0,0,0,,0,,,0,0,0
"SOL","SOL Up or Down 5m Down 1 Diff Instant","Down",1,"Up",2369,17,2205,1064,1141,48.25396825,-127.96674389,-5.80348045,0.51187302,63,0,101,2268,1104,1164,48.67724868,-60,-2.64550265,0.5,0,0,101,2271,1132,1139,49.84588287,-7,-0.30823426,0.5,0,0,98
"SOL","SOL Up or Down 5m Down 2 Diff Instant","Down",2,"Up",1515,17,1402,675,727,48.14550642,-87.93976727,-6.2724513,0.51347361,46,0,67,1448,708,740,48.89502762,-32,-2.20994475,0.5,0,0,67,1448,721,727,49.79281768,-6,-0.41436464,0.5,0,0,67
"SOL","SOL Up or Down 5m Down 3 Diff Instant","Down",3,"Up",973,17,895,422,473,47.15083799,-70.10761052,-7.83325257,0.51363128,34,0,44,929,447,482,48.11625404,-35,-3.76749193,0.5,0,0,44,927,457,470,49.29881338,-13,-1.40237325,0.5,0,0,46
"SOL","SOL Up or Down 5m Down 4 Diff Instant","Down",4,"Up",604,17,557,266,291,47.75583483,-38.24922336,-6.86700599,0.51570916,20,0,27,577,284,293,49.22010399,-9,-1.55979203,0.5,0,0,27,575,292,283,50.7826087,9,1.56521739,0.5,0,0,29
"SOL","SOL Up or Down 5m Down 5 Diff Instant","Down",5,"Up",391,17,361,177,184,49.03047091,-15.75894549,-4.36535886,0.51468144,11,0,19,372,188,184,50.53763441,4,1.07526882,0.5,0,0,19,372,195,177,52.41935484,18,4.83870968,0.5,0,0,19
"SOL","SOL Up or Down 5m Down 6 Diff Instant","Down",6,"Up",287,17,267,124,143,46.44194757,-25.4362939,-9.52670184,0.51277154,8,0,12,275,132,143,48,-11,-4,0.5,0,0,12,275,136,139,49.45454545,-3,-1.09090909,0.5,0,0,12
"SOL","SOL Up or Down 5m Down 7 Diff Instant","Down",7,"Up",210,17,194,90,104,46.39175258,-19.80603199,-10.20929484,0.51082474,7,0,9,201,97,104,48.25870647,-7,-3.48258706,0.5,0,0,9,202,100,102,49.5049505,-2,-0.99009901,0.5,0,0,8
"SOL","SOL Up or Down 5m Down 8 Diff Instant","Down",8,"Up",150,17,137,68,69,49.6350365,-4.23647866,-3.09232019,0.51043796,6,0,7,143,74,69,51.74825175,5,3.4965035,0.5,0,0,7,146,79,67,54.10958904,12,8.21917808,0.5,0,0,4
"SOL","SOL Up or Down 5m Down 9 Diff Instant","Down",9,"Up",92,17,84,45,39,53.57142857,3.73704389,4.44886177,0.50797619,3,0,5,87,48,39,55.17241379,9,10.34482759,0.5,0,0,5,89,51,38,57.30337079,13,14.60674157,0.5,0,0,3
"SOL","SOL Up or Down 5m Down 10 Diff Instant","Down",10,"Up",72,17,66,36,30,54.54545455,3.18352726,4.82352615,0.50772727,3,0,3,69,39,30,56.52173913,9,13.04347826,0.5,0,0,3,70,40,30,57.14285714,10,14.28571429,0.5,0,0,2
"SOL","SOL Up or Down 5m Down 15 Diff Instant","Down",15,"Up",13,17,13,8,5,61.53846154,1.71216113,13.17047027,0.5,0,0,0,13,8,5,61.53846154,3,23.07692308,0.5,0,0,0,13,9,4,69.23076923,5,38.46153846,0.5,0,0,0
"SOL","SOL Up or Down 5m Down 20 Diff Instant","Down",20,"Up",0,0,0,0,0,,0,,,0,0,0,0,0,0,,0,,,0,0,0,0,0,0,,0,,,0,0,0
"SOL","SOL Up or Down 5m Down 25 Diff Instant","Down",25,"Up",0,0,0,0,0,,0,,,0,0,0,0,0,0,,0,,,0,0,0,0,0,0,,0,,,0,0,0
"SOL","SOL Up or Down 5m Down 30 Diff Instant","Down",30,"Up",0,0,0,0,0,,0,,,0,0,0,0,0,0,,0,,,0,0,0,0,0,0,,0,,,0,0,0
"SOL","SOL Up or Down 5m Down 35 Diff Instant","Down",35,"Up",0,0,0,0,0,,0,,,0,0,0,0,0,0,,0,,,0,0,0,0,0,0,,0,,,0,0,0
"SOL","SOL Up or Down 5m Down 40 Diff Instant","Down",40,"Up",0,0,0,0,0,,0,,,0,0,0,0,0,0,,0,,,0,0,0,0,0,0,,0,,,0,0,0
"SOL","SOL Up or Down 5m Down 45 Diff Instant","Down",45,"Up",0,0,0,0,0,,0,,,0,0,0,0,0,0,,0,,,0,0,0,0,0,0,,0,,,0,0,0
"SOL","SOL Up or Down 5m Down 50 Diff Instant","Down",50,"Up",0,0,0,0,0,,0,,,0,0,0,0,0,0,,0,,,0,0,0,0,0,0,,0,,,0,0,0
"SOL","SOL Up or Down 5m Down 55 Diff Instant","Down",55,"Up",0,0,0,0,0,,0,,,0,0,0,0,0,0,,0,,,0,0,0,0,0,0,,0,,,0,0,0
"SOL","SOL Up or Down 5m Down 60 Diff Instant","Down",60,"Up",0,0,0,0,0,,0,,,0,0,0,0,0,0,,0,,,0,0,0,0,0,0,,0,,,0,0,0
"SOL","SOL Up or Down 5m Down 65 Diff Instant","Down",65,"Up",0,0,0,0,0,,0,,,0,0,0,0,0,0,,0,,,0,0,0,0,0,0,,0,,,0,0,0
"SOL","SOL Up or Down 5m Down 70 Diff Instant","Down",70,"Up",0,0,0,0,0,,0,,,0,0,0,0,0,0,,0,,,0,0,0,0,0,0,,0,,,0,0,0
"SOL","SOL Up or Down 5m Down 75 Diff Instant","Down",75,"Up",0,0,0,0,0,,0,,,0,0,0,0,0,0,,0,,,0,0,0,0,0,0,,0,,,0,0,0
"SOL","SOL Up or Down 5m Down 80 Diff Instant","Down",80,"Up",0,0,0,0,0,,0,,,0,0,0,0,0,0,,0,,,0,0,0,0,0,0,,0,,,0,0,0
"SOL","SOL Up or Down 5m Down 85 Diff Instant","Down",85,"Up",0,0,0,0,0,,0,,,0,0,0,0,0,0,,0,,,0,0,0,0,0,0,,0,,,0,0,0
"SOL","SOL Up or Down 5m Down 90 Diff Instant","Down",90,"Up",0,0,0,0,0,,0,,,0,0,0,0,0,0,,0,,,0,0,0,0,0,0,,0,,,0,0,0
"SOL","SOL Up or Down 5m Down 95 Diff Instant","Down",95,"Up",0,0,0,0,0,,0,,,0,0,0,0,0,0,,0,,,0,0,0,0,0,0,,0,,,0,0,0
"SOL","SOL Up or Down 5m Down 100 Diff Instant","Down",100,"Up",0,0,0,0,0,,0,,,0,0,0,0,0,0,,0,,,0,0,0,0,0,0,,0,,,0,0,0
"SOL","SOL Up or Down 5m Down 105 Diff Instant","Down",105,"Up",0,0,0,0,0,,0,,,0,0,0,0,0,0,,0,,,0,0,0,0,0,0,,0,,,0,0,0
"SOL","SOL Up or Down 5m Down 110 Diff Instant","Down",110,"Up",0,0,0,0,0,,0,,,0,0,0,0,0,0,,0,,,0,0,0,0,0,0,,0,,,0,0,0
"SOL","SOL Up or Down 5m Down 115 Diff Instant","Down",115,"Up",0,0,0,0,0,,0,,,0,0,0,0,0,0,,0,,,0,0,0,0,0,0,,0,,,0,0,0
"SOL","SOL Up or Down 5m Down 120 Diff Instant","Down",120,"Up",0,0,0,0,0,,0,,,0,0,0,0,0,0,,0,,,0,0,0,0,0,0,,0,,,0,0,0
"SOL","SOL Up or Down 5m Down 125 Diff Instant","Down",125,"Up",0,0,0,0,0,,0,,,0,0,0,0,0,0,,0,,,0,0,0,0,0,0,,0,,,0,0,0
"SOL","SOL Up or Down 5m Down 130 Diff Instant","Down",130,"Up",0,0,0,0,0,,0,,,0,0,0,0,0,0,,0,,,0,0,0,0,0,0,,0,,,0,0,0
"SOL","SOL Up or Down 5m Down 135 Diff Instant","Down",135,"Up",0,0,0,0,0,,0,,,0,0,0,0,0,0,,0,,,0,0,0,0,0,0,,0,,,0,0,0
"SOL","SOL Up or Down 5m Down 140 Diff Instant","Down",140,"Up",0,0,0,0,0,,0,,,0,0,0,0,0,0,,0,,,0,0,0,0,0,0,,0,,,0,0,0
"SOL","SOL Up or Down 5m Down 145 Diff Instant","Down",145,"Up",0,0,0,0,0,,0,,,0,0,0,0,0,0,,0,,,0,0,0,0,0,0,,0,,,0,0,0
"SOL","SOL Up or Down 5m Down 150 Diff Instant","Down",150,"Up",0,0,0,0,0,,0,,,0,0,0,0,0,0,,0,,,0,0,0,0,0,0,,0,,,0,0,0
"SOL","SOL Up or Down 5m Up 1 Diff Instant","Up",1,"Down",2434,17,2212,1057,1155,47.78481013,-147.50060566,-6.66820098,0.51368897,94,0,128,2306,1116,1190,48.39549003,-74,-3.20901995,0.5,0,0,128,2349,1159,1190,49.34014474,-31,-1.31971052,0.5,0,0,85
"SOL","SOL Up or Down 5m Up 2 Diff Instant","Up",2,"Down",1579,17,1428,681,747,47.68907563,-97.77949936,-6.84730388,0.51443277,66,0,85,1494,720,774,48.19277108,-54,-3.61445783,0.5,0,0,85,1526,744,782,48.75491481,-38,-2.49017038,0.5,0,0,53
"SOL","SOL Up or Down 5m Up 3 Diff Instant","Up",3,"Down",984,17,895,434,461,48.49162011,-44.83281871,-5.00925349,0.51487151,49,0,40,944,465,479,49.25847458,-14,-1.48305085,0.5,0,0,40,951,469,482,49.31650894,-13,-1.36698212,0.5,0,0,33
"SOL","SOL Up or Down 5m Up 4 Diff Instant","Up",4,"Down",569,17,520,250,270,48.07692308,-26.32984116,-5.06343099,0.51284615,24,0,25,544,265,279,48.71323529,-14,-2.57352941,0.5,0,0,25,552,276,276,50,0,0,0.5,0,0,17
"SOL","SOL Up or Down 5m Up 5 Diff Instant","Up",5,"Down",376,17,346,165,181,47.68786127,-20.15195689,-5.824265,0.51092486,14,0,16,360,174,186,48.33333333,-12,-3.33333333,0.5,0,0,16,361,182,179,50.41551247,3,0.83102493,0.5,0,0,15
"SOL","SOL Up or Down 5m Up 6 Diff Instant","Up",6,"Down",258,17,237,111,126,46.83544304,-17.04181958,-7.19064117,0.50890295,9,0,12,246,118,128,47.96747967,-10,-4.06504065,0.5,0,0,12,250,122,128,48.8,-6,-2.4,0.5,0,0,8
"SOL","SOL Up or Down 5m Up 7 Diff Instant","Up",7,"Down",195,17,181,82,99,45.3038674,-20.66473064,-11.41697825,0.51049724,5,0,9,186,86,100,46.23655914,-14,-7.52688172,0.5,0,0,9,189,89,100,47.08994709,-11,-5.82010582,0.5,0,0,6
"SOL","SOL Up or Down 5m Up 8 Diff Instant","Up",8,"Down",145,17,134,61,73,45.52238806,-15.75110361,-11.75455493,0.51544776,5,0,6,139,65,74,46.76258993,-9,-6.47482014,0.5,0,0,6,143,66,77,46.15384615,-11,-7.69230769,0.5,0,0,2
"SOL","SOL Up or Down 5m Up 9 Diff Instant","Up",9,"Down",110,17,100,43,57,43,-16.55231565,-16.55231565,0.5157,5,0,5,105,47,58,44.76190476,-11,-10.47619048,0.5,0,0,5,109,48,61,44.03669725,-13,-11.9266055,0.5,0,0,1
"SOL","SOL Up or Down 5m Up 10 Diff Instant","Up",10,"Down",88,17,81,34,47,41.97530864,-15.12826036,-18.67686465,0.5162963,3,0,4,84,36,48,42.85714286,-12,-14.28571429,0.5,0,0,4,87,37,50,42.52873563,-13,-14.94252874,0.5,0,0,1
"SOL","SOL Up or Down 5m Up 15 Diff Instant","Up",15,"Down",14,17,11,4,7,36.36363636,-1.80327783,-16.39343484,0.49454545,1,0,2,12,5,7,41.66666667,-2,-16.66666667,0.5,0,0,2,14,6,8,42.85714286,-2,-14.28571429,0.5,0,0,0
"SOL","SOL Up or Down 5m Up 20 Diff Instant","Up",20,"Down",0,0,0,0,0,,0,,,0,0,0,0,0,0,,0,,,0,0,0,0,0,0,,0,,,0,0,0
"SOL","SOL Up or Down 5m Up 25 Diff Instant","Up",25,"Down",0,0,0,0,0,,0,,,0,0,0,0,0,0,,0,,,0,0,0,0,0,0,,0,,,0,0,0
"SOL","SOL Up or Down 5m Up 30 Diff Instant","Up",30,"Down",0,0,0,0,0,,0,,,0,0,0,0,0,0,,0,,,0,0,0,0,0,0,,0,,,0,0,0
"SOL","SOL Up or Down 5m Up 35 Diff Instant","Up",35,"Down",0,0,0,0,0,,0,,,0,0,0,0,0,0,,0,,,0,0,0,0,0,0,,0,,,0,0,0
"SOL","SOL Up or Down 5m Up 40 Diff Instant","Up",40,"Down",0,0,0,0,0,,0,,,0,0,0,0,0,0,,0,,,0,0,0,0,0,0,,0,,,0,0,0
"SOL","SOL Up or Down 5m Up 45 Diff Instant","Up",45,"Down",0,0,0,0,0,,0,,,0,0,0,0,0,0,,0,,,0,0,0,0,0,0,,0,,,0,0,0
"SOL","SOL Up or Down 5m Up 50 Diff Instant","Up",50,"Down",0,0,0,0,0,,0,,,0,0,0,0,0,0,,0,,,0,0,0,0,0,0,,0,,,0,0,0
"SOL","SOL Up or Down 5m Up 55 Diff Instant","Up",55,"Down",0,0,0,0,0,,0,,,0,0,0,0,0,0,,0,,,0,0,0,0,0,0,,0,,,0,0,0
"SOL","SOL Up or Down 5m Up 60 Diff Instant","Up",60,"Down",0,0,0,0,0,,0,,,0,0,0,0,0,0,,0,,,0,0,0,0,0,0,,0,,,0,0,0
"SOL","SOL Up or Down 5m Up 65 Diff Instant","Up",65,"Down",0,0,0,0,0,,0,,,0,0,0,0,0,0,,0,,,0,0,0,0,0,0,,0,,,0,0,0
"SOL","SOL Up or Down 5m Up 70 Diff Instant","Up",70,"Down",0,0,0,0,0,,0,,,0,0,0,0,0,0,,0,,,0,0,0,0,0,0,,0,,,0,0,0
"SOL","SOL Up or Down 5m Up 75 Diff Instant","Up",75,"Down",0,0,0,0,0,,0,,,0,0,0,0,0,0,,0,,,0,0,0,0,0,0,,0,,,0,0,0
"SOL","SOL Up or Down 5m Up 80 Diff Instant","Up",80,"Down",0,0,0,0,0,,0,,,0,0,0,0,0,0,,0,,,0,0,0,0,0,0,,0,,,0,0,0
"SOL","SOL Up or Down 5m Up 85 Diff Instant","Up",85,"Down",0,0,0,0,0,,0,,,0,0,0,0,0,0,,0,,,0,0,0,0,0,0,,0,,,0,0,0
"SOL","SOL Up or Down 5m Up 90 Diff Instant","Up",90,"Down",0,0,0,0,0,,0,,,0,0,0,0,0,0,,0,,,0,0,0,0,0,0,,0,,,0,0,0
"SOL","SOL Up or Down 5m Up 95 Diff Instant","Up",95,"Down",0,0,0,0,0,,0,,,0,0,0,0,0,0,,0,,,0,0,0,0,0,0,,0,,,0,0,0
"SOL","SOL Up or Down 5m Up 100 Diff Instant","Up",100,"Down",0,0,0,0,0,,0,,,0,0,0,0,0,0,,0,,,0,0,0,0,0,0,,0,,,0,0,0
"SOL","SOL Up or Down 5m Up 105 Diff Instant","Up",105,"Down",0,0,0,0,0,,0,,,0,0,0,0,0,0,,0,,,0,0,0,0,0,0,,0,,,0,0,0
"SOL","SOL Up or Down 5m Up 110 Diff Instant","Up",110,"Down",0,0,0,0,0,,0,,,0,0,0,0,0,0,,0,,,0,0,0,0,0,0,,0,,,0,0,0
"SOL","SOL Up or Down 5m Up 115 Diff Instant","Up",115,"Down",0,0,0,0,0,,0,,,0,0,0,0,0,0,,0,,,0,0,0,0,0,0,,0,,,0,0,0
"SOL","SOL Up or Down 5m Up 120 Diff Instant","Up",120,"Down",0,0,0,0,0,,0,,,0,0,0,0,0,0,,0,,,0,0,0,0,0,0,,0,,,0,0,0
"SOL","SOL Up or Down 5m Up 125 Diff Instant","Up",125,"Down",0,0,0,0,0,,0,,,0,0,0,0,0,0,,0,,,0,0,0,0,0,0,,0,,,0,0,0
"SOL","SOL Up or Down 5m Up 130 Diff Instant","Up",130,"Down",0,0,0,0,0,,0,,,0,0,0,0,0,0,,0,,,0,0,0,0,0,0,,0,,,0,0,0
"SOL","SOL Up or Down 5m Up 135 Diff Instant","Up",135,"Down",0,0,0,0,0,,0,,,0,0,0,0,0,0,,0,,,0,0,0,0,0,0,,0,,,0,0,0
"SOL","SOL Up or Down 5m Up 140 Diff Instant","Up",140,"Down",0,0,0,0,0,,0,,,0,0,0,0,0,0,,0,,,0,0,0,0,0,0,,0,,,0,0,0
"SOL","SOL Up or Down 5m Up 145 Diff Instant","Up",145,"Down",0,0,0,0,0,,0,,,0,0,0,0,0,0,,0,,,0,0,0,0,0,0,,0,,,0,0,0
"SOL","SOL Up or Down 5m Up 150 Diff Instant","Up",150,"Down",0,0,0,0,0,,0,,,0,0,0,0,0,0,,0,,,0,0,0,0,0,0,,0,,,0,0,0
