updated_at_utc	settled_at_utc	status	settlement_source	rows_count	won_count	lost_count	positive_pnl_usd	loss_abs_pnl_usd	realized_pnl_usd
2026-06-17T22:32:19.4964000+00:00	2026-06-17T22:32:19.4964000+00:00	Matched	gamma_resolved_metadata	1	0	1	0	2.001564	-2.001564
2026-06-17T22:18:08.4727310+00:00	2026-06-17T22:18:08.4727310+00:00	Matched	gamma_resolved_metadata	1	1	0	49.5	0	49.5
2026-06-17T21:31:42.2949070+00:00	2026-06-17T21:31:42.2949070+00:00	Matched	gamma_resolved_metadata	1	1	0	1.79707	0	1.79707
2026-06-17T21:02:39.1768370+00:00	2026-06-17T21:02:39.1768370+00:00	Matched	gamma_resolved_metadata	1	0	1	0	2.001	-2.001
2026-06-17T20:59:09.7967430+00:00	2026-06-17T20:59:09.7967430+00:00	Matched	gamma_resolved_metadata	1	0	1	0	1.955	-1.955
2026-06-17T18:54:40.4846160+00:00	2026-06-17T18:54:40.4846160+00:00	Matched	gamma_resolved_metadata	1	1	0	2.4548	0	2.4548
2026-06-17T18:47:04.4738990+00:00	2026-06-17T18:47:04.4738990+00:00	Matched	gamma_resolved_metadata	1	0	1	0	2.002	-2.002
2026-06-17T18:18:23.3814540+00:00	2026-06-17T18:18:23.3814540+00:00	Matched	gamma_resolved_metadata	1	1	0	3.974667	0	3.974667
2026-06-17T18:01:37.8140140+00:00	2026-06-17T18:01:37.8140140+00:00	Matched	gamma_resolved_metadata	1	1	0	1.0251	0	1.0251
2026-06-17T17:42:19.7662710+00:00	2026-06-17T17:42:19.7662710+00:00	Matched	gamma_resolved_metadata	1	1	0	3.9786	0	3.9786
2026-06-17T17:40:47.9151040+00:00	2026-06-17T17:40:47.9151040+00:00	Matched	gamma_resolved_metadata	1	0	1	0	2.9196	-2.9196
2026-06-17T17:35:13.2613620+00:00	2026-06-17T17:35:13.2613620+00:00	Matched	gamma_resolved_metadata	1	0	1	0	2.9316	-2.9316
2026-06-17T17:27:09.4208990+00:00	2026-06-17T17:27:09.4208990+00:00	Matched	gamma_resolved_metadata	1	0	1	0	3.0008	-3.0008
2026-06-17T16:39:28.4243670+00:00	2026-06-17T16:39:28.4243670+00:00	Matched	gamma_resolved_metadata	1	1	0	2.1754	0	2.1754
2026-06-17T16:31:39.8459980+00:00	2026-06-17T16:31:39.8459980+00:00	Matched	gamma_resolved_metadata	1	1	0	1.856	0	1.856
2026-06-17T16:25:29.9156340+00:00	2026-06-17T16:25:29.9156340+00:00	Matched	gamma_resolved_metadata	1	0	1	0	3.002346	-3.002346
2026-06-17T16:11:04.1726180+00:00	2026-06-17T16:11:04.1726180+00:00	Matched	gamma_resolved_metadata	1	0	1	0	3.00222	-3.00222
2026-06-17T15:57:28.0586610+00:00	2026-06-17T15:57:28.0586610+00:00	Matched	gamma_resolved_metadata	1	1	0	3.5035	0	3.5035
2026-06-17T15:51:57.6501920+00:00	2026-06-17T15:51:57.6501920+00:00	Matched	gamma_resolved_metadata	1	0	1	0	4.004	-4.004
2026-06-17T15:49:31.8090770+00:00	2026-06-17T15:49:31.8090770+00:00	Matched	gamma_resolved_metadata	1	0	1	0	3.0051	-3.0051
2026-06-17T15:45:43.9447770+00:00	2026-06-17T15:45:43.9447770+00:00	Matched	gamma_resolved_metadata	1	0	1	0	4.002	-4.002
2026-06-17T15:32:58.9797920+00:00	2026-06-17T15:32:58.9797920+00:00	Matched	gamma_resolved_metadata	1	1	0	3.6423	0	3.6423
2026-06-17T15:25:51.0621270+00:00	2026-06-17T15:25:51.0621270+00:00	Matched	gamma_resolved_metadata	1	1	0	2.0638	0	2.0638
2026-06-17T14:52:56.7773620+00:00	2026-06-17T14:52:56.7773620+00:00	Matched	gamma_resolved_metadata	1	1	0	0.0476	0	0.0476
2026-06-17T14:26:03.5003840+00:00	2026-06-17T14:26:03.5003840+00:00	Matched	gamma_resolved_metadata	1	1	0	5.2514	0	5.2514
2026-06-17T13:58:06.5438830+00:00	2026-06-17T13:58:06.5438830+00:00	Matched	gamma_resolved_metadata	1	1	0	3	0	3
2026-06-17T13:52:39.4462100+00:00	2026-06-17T13:52:39.4462100+00:00	Matched	gamma_resolved_metadata	1	0	1	0	1.0008	-1.0008
2026-06-17T13:49:38.4654270+00:00	2026-06-17T13:49:38.4654270+00:00	Matched	gamma_resolved_metadata	1	0	1	0	4.004	-4.004
2026-06-17T13:44:19.6921260+00:00	2026-06-17T13:44:19.6921260+00:00	Matched	gamma_resolved_metadata	1	0	1	0	3.0012	-3.0012
2026-06-17T13:37:19.1576550+00:00	2026-06-17T13:37:19.1576550+00:00	Matched	gamma_resolved_metadata	1	0	1	0	4.1354	-4.1354
2026-06-17T13:01:28.9802820+00:00	2026-06-17T13:01:28.9802820+00:00	Matched	gamma_resolved_metadata	1	1	0	2.346392	0	2.346392
2026-06-17T12:47:08.2892540+00:00	2026-06-17T12:47:08.2892540+00:00	Matched	gamma_resolved_metadata	1	0	1	0	3.0038	-3.0038
2026-06-17T12:42:42.6768610+00:00	2026-06-17T12:42:42.6768610+00:00	Matched	gamma_resolved_metadata	1	0	1	0	2.9326	-2.9326
2026-06-17T11:36:44.9915930+00:00	2026-06-17T11:36:44.9915930+00:00	Matched	gamma_resolved_metadata	1	1	0	2.89758	0	2.89758
2026-06-17T11:20:31.9075720+00:00	2026-06-17T11:20:31.9075720+00:00	Matched	gamma_resolved_metadata	1	1	0	4.851	0	4.851
2026-06-17T10:35:11.4677420+00:00	2026-06-17T10:35:11.4677420+00:00	Matched	gamma_resolved_metadata	1	1	0	2.6649	0	2.6649
2026-06-17T09:36:43.4881070+00:00	2026-06-17T09:36:43.4881070+00:00	Matched	gamma_resolved_metadata	1	1	0	2.557554	0	2.557554
2026-06-17T09:35:36.7445510+00:00	2026-06-17T09:35:36.7445510+00:00	Matched	gamma_resolved_metadata	1	0	1	0	3.0051	-3.0051
2026-06-17T09:27:50.7224400+00:00	2026-06-17T09:27:50.7224400+00:00	Matched	gamma_resolved_metadata	1	0	1	0	5.0065	-5.0065
2026-06-17T09:22:30.1007630+00:00	2026-06-17T09:22:30.1007630+00:00	Matched	gamma_resolved_metadata	1	0	1	0	2.0031	-2.0031
2026-06-17T09:20:20.4553780+00:00	2026-06-17T09:20:20.4553780+00:00	Matched	gamma_resolved_metadata	1	0	1	0	2.9468	-2.9468
2026-06-17T09:15:04.0661670+00:00	2026-06-17T09:15:04.0661670+00:00	Matched	gamma_resolved_metadata	1	0	1	0	2.94	-2.94
2026-06-17T09:07:52.6271210+00:00	2026-06-17T09:07:52.6271210+00:00	Matched	gamma_resolved_metadata	1	0	1	0	2.46	-2.46
2026-06-17T08:08:04.1085950+00:00	2026-06-17T08:08:04.1085950+00:00	Matched	gamma_resolved_metadata	1	1	0	0.805	0	0.805
2026-06-17T07:56:42.7332680+00:00	2026-06-17T07:56:42.7332680+00:00	Matched	gamma_resolved_metadata	1	1	0	1.5792	0	1.5792
2026-06-17T07:24:50.8486660+00:00	2026-06-17T07:24:50.8486660+00:00	Matched	gamma_resolved_metadata	1	1	0	4.3188	0	4.3188
2026-06-17T07:21:34.0340510+00:00	2026-06-17T07:21:34.0340510+00:00	Matched	gamma_resolved_metadata	1	0	1	0	2.002	-2.002
2026-06-17T06:45:43.5137920+00:00	2026-06-17T06:45:43.5137920+00:00	Matched	gamma_resolved_metadata	1	1	0	5.3526	0	5.3526
2026-06-17T06:20:15.0488730+00:00	2026-06-17T06:20:15.0488730+00:00	Matched	gamma_resolved_metadata	1	1	0	2.6649	0	2.6649
2026-06-17T06:11:32.2196710+00:00	2026-06-17T06:11:32.2196710+00:00	Matched	gamma_resolved_metadata	1	0	1	0	2.9375	-2.9375
2026-06-17T05:54:44.1641910+00:00	2026-06-17T05:54:44.1641910+00:00	Matched	gamma_resolved_metadata	1	1	0	2.8861	0	2.8861
2026-06-17T05:50:30.8851120+00:00	2026-06-17T05:50:30.8851120+00:00	Matched	gamma_resolved_metadata	1	0	1	0	3.0051	-3.0051
2026-06-17T05:41:59.9537500+00:00	2026-06-17T05:41:59.9537500+00:00	Matched	gamma_resolved_metadata	1	0	1	0	3.994402	-3.994402
2026-06-17T05:38:21.4164930+00:00	2026-06-17T05:38:21.4164930+00:00	Matched	gamma_resolved_metadata	1	0	1	0	4.0052	-4.0052
2026-06-17T04:47:08.9222420+00:00	2026-06-17T04:47:08.9222420+00:00	Matched	gamma_resolved_metadata	1	1	0	2.7696	0	2.7696
2026-06-17T04:44:57.8497290+00:00	2026-06-17T04:44:57.8497290+00:00	Matched	gamma_resolved_metadata	1	1	0	2.0638	0	2.0638
2026-06-17T04:36:25.3532560+00:00	2026-06-17T04:36:25.3532560+00:00	Matched	gamma_resolved_metadata	1	1	0	1.25	0	1.25
2026-06-17T04:31:23.5119300+00:00	2026-06-17T04:31:23.5119300+00:00	Matched	gamma_resolved_metadata	1	1	0	2.25	0	2.25
2026-06-17T03:52:14.9989280+00:00	2026-06-17T03:52:14.9989280+00:00	Matched	gamma_resolved_metadata	1	1	0	1.493689	0	1.493689
2026-06-17T03:51:05.6834890+00:00	2026-06-17T03:51:05.6834890+00:00	Matched	gamma_resolved_metadata	1	1	0	3.8874	0	3.8874
2026-06-17T03:50:14.0435130+00:00	2026-06-17T03:50:14.0435130+00:00	Matched	gamma_resolved_metadata	1	1	0	3.146	0	3.146
2026-06-17T03:49:30.1811340+00:00	2026-06-17T03:49:30.1811340+00:00	Matched	gamma_resolved_metadata	1	0	1	0	3.0004	-3.0004
2026-06-17T03:42:27.8865040+00:00	2026-06-17T03:42:27.8865040+00:00	Matched	gamma_resolved_metadata	1	0	1	0	2.8	-2.8
2026-06-17T03:42:01.0227180+00:00	2026-06-17T03:42:01.0227180+00:00	Matched	gamma_resolved_metadata	1	1	0	1.8848	0	1.8848
2026-06-17T02:28:29.6617260+00:00	2026-06-17T02:28:29.6617260+00:00	Matched	gamma_resolved_metadata	1	0	1	0	1	-1
2026-06-17T02:27:29.3634110+00:00	2026-06-17T02:27:29.3634110+00:00	Matched	gamma_resolved_metadata	1	0	1	0	1.771	-1.771
2026-06-17T02:27:21.9932790+00:00	2026-06-17T02:27:21.9932790+00:00	Matched	gamma_resolved_metadata	1	0	1	0	1	-1
2026-06-17T02:26:23.9137990+00:00	2026-06-17T02:26:23.9137990+00:00	Matched	gamma_resolved_metadata	1	1	0	2.668	0	2.668
2026-06-17T01:36:03.6604120+00:00	2026-06-17T01:36:03.6604120+00:00	Matched	gamma_resolved_metadata	1	1	0	2.24838	0	2.24838
2026-06-17T01:36:03.4106380+00:00	2026-06-17T01:36:03.4106380+00:00	Matched	gamma_resolved_metadata	1	0	1	0	2.8644	-2.8644
2026-06-17T01:35:10.3768000+00:00	2026-06-17T01:35:10.3768000+00:00	Matched	gamma_resolved_metadata	1	1	0	2.898	0	2.898
2026-06-17T01:34:52.2980950+00:00	2026-06-17T01:34:52.2980950+00:00	Matched	gamma_resolved_metadata	1	0	1	0	0.9338	-0.9338
2026-06-17T01:34:21.2312860+00:00	2026-06-17T01:34:21.2312860+00:00	Matched	gamma_resolved_metadata	1	1	0	1.999998	0	1.999998
2026-06-17T01:34:11.2138120+00:00	2026-06-17T01:34:11.2138120+00:00	Matched	gamma_resolved_metadata	1	1	0	2.156	0	2.156
2026-06-17T01:33:55.0503360+00:00	2026-06-17T01:33:55.0503360+00:00	Matched	gamma_resolved_metadata	1	1	0	4.5	0	4.5
2026-06-17T01:32:58.1246250+00:00	2026-06-17T01:32:58.1246250+00:00	Matched	gamma_resolved_metadata	1	0	1	0	3.0039	-3.0039
2026-06-17T01:17:04.7911960+00:00	2026-06-17T01:17:04.7911960+00:00	Matched	gamma_resolved_metadata	1	1	0	3.5262	0	3.5262
2026-06-17T01:12:04.7276470+00:00	2026-06-17T01:12:04.7276470+00:00	Matched	gamma_resolved_metadata	1	0	1	0	2.001564	-2.001564
2026-06-17T01:07:56.4091570+00:00	2026-06-17T01:07:56.4091570+00:00	Matched	gamma_resolved_metadata	1	0	1	0	2.9427	-2.9427
2026-06-17T00:51:26.7050710+00:00	2026-06-17T00:51:26.7050710+00:00	Matched	gamma_resolved_metadata	1	1	0	3.614	0	3.614
