id	created_at_utc	submitted_at_utc	updated_at_utc	settled_at_utc	status	response_status	settlement_source	condition_id	outcome	price	filled_size	cost_basis_usd	settlement_value_usd	realized_pnl_usd	won	winning_outcome	order_type	post_only
7d9960a3-61ea-4f89-b3d3-43f1935dd4da	2026-06-17T22:13:14.7979550+00:00	2026-06-17T22:13:27.6266740+00:00	2026-06-17T22:18:08.4727310+00:00	2026-06-17T22:18:08.4727310+00:00	Matched	matched	gamma_resolved_metadata	0xb8a25d31f268b94eef25c126e0753e1d556487f9b48e655cae1ba6caecd886f0	Down	0.02	50	0.5	50	49.5	True	Down	GTD	False
8bf856a9-0e93-4fba-9e7a-36a3ea400e0a	2026-06-17T06:35:11.1343080+00:00	2026-06-17T06:35:18.4144300+00:00	2026-06-17T06:45:43.5137920+00:00	2026-06-17T06:45:43.5137920+00:00	Matched	matched	gamma_resolved_metadata	0x52e317a1c0ade8cf76b17e9d1a4fef9c3c78c3b7f619844fb8f49c2622b1c568	Down	0.37	8.11	2.7574	8.11	5.3526	True	Down	GTD	False
c888499c-53cd-4a2a-9eb7-980e7268d0af	2026-06-17T14:15:08.1630910+00:00	2026-06-17T14:15:30.4220370+00:00	2026-06-17T14:26:03.5003840+00:00	2026-06-17T14:26:03.5003840+00:00	Matched	matched	gamma_resolved_metadata	0xc3c93562b77325b74cf3fe12ec3bd330abedac5b23f239016ef9f78773a581fe	Down	0.44	6.82	1.5686	6.82	5.2514	True	Down	GTD	False
ba412943-e2f1-4c7f-9ca2-d1c4d86dab8c	2026-06-17T11:10:12.6790380+00:00	2026-06-17T11:10:17.1139500+00:00	2026-06-17T11:20:31.9075720+00:00	2026-06-17T11:20:31.9075720+00:00	Matched	matched	gamma_resolved_metadata	0x7713585e88db8f7db5ffefdd7a64728083ef9a0e697a295484f8e5d040dbf40e	Down	0.39	7.7	2.849	7.7	4.851	True	Down	GTD	False
644f6fbc-2e12-4019-9cc3-9a363160f672	2026-06-17T00:10:06.2136460+00:00	2026-06-17T00:10:11.9295490+00:00	2026-06-17T01:33:55.0503360+00:00	2026-06-17T01:33:55.0503360+00:00	Matched	matched	gamma_resolved_metadata	0x25e75fb325855359aeb9ded23768af85684fd032123f76523d55389ce59fd67f	Down	0.4	7.5	3	7.5	4.5	True	Down	GTD	False
44182a4a-1b46-4fa5-8cf1-ac16d90e8444	2026-06-17T07:15:07.0931390+00:00	2026-06-17T07:15:22.8401320+00:00	2026-06-17T07:24:50.8486660+00:00	2026-06-17T07:24:50.8486660+00:00	Matched	data_api_current_position_reconciled	gamma_resolved_metadata	0xeb458654b4526d60f4911a3443a476c1e91ffa0b0653f0e51e37838b835e802a	Down	0.41	7.32	3.0012	7.32	4.3188	True	Down	GTD	False
330a214f-82bb-474f-982c-e1666a65f64b	2026-06-16T05:41:46.4876480+00:00	2026-06-16T05:42:01.1088970+00:00	2026-06-16T05:48:13.9908680+00:00	2026-06-16T05:48:13.9908680+00:00	Matched	data_api_current_position_reconciled	gamma_resolved_metadata	0x0f4005f11db87e989cf77b254bf69760b6e60a6118492a17f764f4ba66757204	Down	0.41	7.32	3.0012	7.32	4.3188	True	Down	GTD	False
8425b61b-8e8d-46d2-9218-c0794e1eb8bb	2026-06-16T12:20:09.0681480+00:00	2026-06-16T12:20:22.8632470+00:00	2026-06-16T12:30:39.5921110+00:00	2026-06-16T12:30:39.5921110+00:00	Matched	matched	gamma_resolved_metadata	0x547dc3390ded6de0f6aa933ec115865b8615ead352675f6e4316c616940c0ee5	Down	0.44	6.82	2.6598	6.82	4.1602	True	Down	GTD	False
ac3f20fa-3cf0-4901-9b3d-09078b3173e7	2026-06-16T20:20:06.6514850+00:00	2026-06-16T20:20:17.3896980+00:00	2026-06-16T20:29:17.8925840+00:00	2026-06-16T20:29:17.8925840+00:00	Matched	matched	gamma_resolved_metadata	0x0cf1028beea2392abdc3f4b41de3f9f8436ffc32e69ef7083e7b19e7447be47a	Down	0.42	7.15	3.003	7.15	4.147	True	Down	GTD	False
11db6657-db87-4e46-b8e0-1bcead5062da	2026-06-16T19:35:01.3222710+00:00	2026-06-16T19:35:10.7149740+00:00	2026-06-16T19:45:23.7925920+00:00	2026-06-16T19:45:23.7925920+00:00	Matched	matched	gamma_resolved_metadata	0x7cf1b492e2081e830fd377ee0964f44f5d70782aed3d155554a9822ad8917e46	Down	0.42	7.15	3.003	7.15	4.147	True	Down	GTD	False
7cd8f4e4-f7d3-444f-9cac-26d3bdd2d007	2026-06-17T17:35:46.1547610+00:00	2026-06-17T17:35:57.2849850+00:00	2026-06-17T17:42:19.7662710+00:00	2026-06-17T17:42:19.7662710+00:00	Matched	data_api_current_position_reconciled	gamma_resolved_metadata	0x19d5fc889c3bc0fb355ce9fa34c735d7b2990760bfe9810db241f24784c40c75	Down	0.43	6.98	3.0014	6.98	3.9786	True	Down	GTD	False
a87b5460-9fb1-41f6-8c69-f133720afdfa	2026-06-17T18:10:11.1481320+00:00	2026-06-17T18:10:23.4888260+00:00	2026-06-17T18:18:23.3814540+00:00	2026-06-17T18:18:23.3814540+00:00	Matched	data_api_current_position_reconciled	gamma_resolved_metadata	0x606fb585c289bc642574f87a0dd3986ffe7b3cd4e519956f53debf10970bd001	Down	0.43	6.9731	2.998433	6.9731	3.974667	True	Down	GTD	False
c865378f-4bf2-4df1-837a-c768be39238d	2026-06-17T02:50:17.3229030+00:00	2026-06-17T02:50:20.9673110+00:00	2026-06-17T03:51:05.6834890+00:00	2026-06-17T03:51:05.6834890+00:00	Matched	data_api_current_position_reconciled	gamma_resolved_metadata	0xd306c941da6dedee33788e31e230a655bbfe9a7e5250c8ab40fe9e9349d7b189	Down	0.34	5.89	2.0026	5.89	3.8874	True	Down	GTD	False
59975678-db92-4a97-88a4-fd0393d02c48	2026-06-16T09:35:04.2585690+00:00	2026-06-16T09:35:10.4572370+00:00	2026-06-16T09:45:19.5028990+00:00	2026-06-16T09:45:19.5028990+00:00	Matched	matched	gamma_resolved_metadata	0xbe15dc7e9c8f15465424c3e2f28fe6ae6882279eddb3ce80bfc4ec4131adb0a6	Down	0.45	6.67	3.0015	6.67	3.6685	True	Down	GTD	False
94722315-af0e-43e1-818b-ac392c2aec97	2026-06-17T15:25:07.5241330+00:00	2026-06-17T15:25:20.2883470+00:00	2026-06-17T15:32:58.9797920+00:00	2026-06-17T15:32:58.9797920+00:00	Matched	matched	gamma_resolved_metadata	0x4b9890d92c135a6a907bed2aa7259667e352d95fb2cc222a55bbf883aaf51021	Down	0.47	6.39	2.7477	6.39	3.6423	True	Down	GTD	False
f63ead6c-08be-497a-b91c-be10b0c91e34	2026-06-16T22:30:09.5320100+00:00	2026-06-16T22:30:16.6811780+00:00	2026-06-17T00:51:26.7050710+00:00	2026-06-17T00:51:26.7050710+00:00	Matched	matched	gamma_resolved_metadata	0xbf7b034585d8d2f32cf6364b1b2655361dee9b66c0c849e2f8174c5e81481eb4	Down	0.36	5.56	1.946	5.56	3.614	True	Down	GTD	False
2926885c-9a60-4868-90f0-1fb19844084f	2026-06-16T23:05:33.4428930+00:00	2026-06-16T23:05:42.7980340+00:00	2026-06-17T01:17:04.7911960+00:00	2026-06-17T01:17:04.7911960+00:00	Matched	matched	gamma_resolved_metadata	0xe302d7f3cadfd5ff9f752f75f9b2b555d77944fab570f055a40b7f41fd2646b4	Down	0.46	6.53	3.0038	6.53	3.5262	True	Down	GTD	False
406d58f8-a4b8-4c1b-84ba-9d7a0fd64f45	2026-06-16T05:05:03.6100140+00:00	2026-06-16T05:05:12.7532500+00:00	2026-06-16T05:15:14.9396730+00:00	2026-06-16T05:15:14.9396730+00:00	Matched	matched	gamma_resolved_metadata	0x12c4183f8223cbf604dd8c1524afd978b2a8246f021dd2345fde8e7d184718b9	Down	0.46	6.53	3.0038	6.53	3.5262	True	Down	GTD	False
5172aff4-984c-4da0-8644-161f1ebeca83	2026-06-17T15:52:06.8815530+00:00	2026-06-17T15:52:16.6844040+00:00	2026-06-17T15:57:28.0586610+00:00	2026-06-17T15:57:28.0586610+00:00	Matched	matched	gamma_resolved_metadata	0x830f508d7cfd76e2700e5cf0f6447bc8261f57cc731eec7529d11676fba572b1	Down	0.56	7.15	3.6465	7.15	3.5035	True	Down	GTD	False
39754ee3-0b88-4645-a8c4-6a8308b60981	2026-06-16T07:35:00.0502640+00:00	2026-06-16T07:35:13.1119770+00:00	2026-06-16T07:45:24.6860680+00:00	2026-06-16T07:45:24.6860680+00:00	Matched	matched	gamma_resolved_metadata	0x44b4f885549dc74a5b93b3214510238cc8f3e9713b73a7bd90e5255ad6b54912	Down	0.55	7.28	4.004	7.28	3.276	True	Down	GTD	False
1575db41-4fd4-49c8-82ef-4e4b434a83fc	2026-06-16T15:55:02.6777050+00:00	2026-06-16T15:55:41.6556520+00:00	2026-06-16T16:21:59.2920660+00:00	2026-06-16T16:21:59.2920660+00:00	Matched	data_api_current_position_reconciled	gamma_resolved_metadata	0xc589cfc490512500895cd3bf4cfb3e5d77b026e7e9f560a86a400bbcf9fd5916	Down	0.48	6.25	3	6.25	3.25	True	Down	GTD	False
0dad0b44-3550-4b5c-bf69-5a5ca9766d64	2026-06-17T03:00:19.7039920+00:00	2026-06-17T03:00:23.5597160+00:00	2026-06-17T03:50:14.0435130+00:00	2026-06-17T03:50:14.0435130+00:00	Matched	matched	gamma_resolved_metadata	0x6412c80ffa8101621876c789c07ed236c084981ce837a89c7bf0605046774ca2	Down	0.56	7.15	4.004	7.15	3.146	True	Down	GTD	False
52af1682-ba7a-4976-8723-0d872ba8acf6	2026-06-16T06:43:18.1958960+00:00	2026-06-16T06:43:29.7820690+00:00	2026-06-16T06:48:43.2265530+00:00	2026-06-16T06:48:43.2265530+00:00	Matched	matched	gamma_resolved_metadata	0x260494d708185c29f4ac394399da622ca306a4486ebe6b3a5edcccb612d2833a	Down	0.56	7.15	4.004	7.15	3.146	True	Down	GTD	False
85757e79-8355-48dd-b57d-9f043037a4ba	2026-06-17T13:52:27.3011510+00:00	2026-06-17T13:52:29.7067900+00:00	2026-06-17T13:58:06.5438830+00:00	2026-06-17T13:58:06.5438830+00:00	Matched	data_api_current_position_reconciled	gamma_resolved_metadata	0xd71703d18ca5b4f60ee9722cd1d7a8e6c62839d6abbc1c20531b6034b015544b	Down	0.5	6	3	6	3	True	Down	GTD	False
75c4672a-2b6b-411f-991e-60852bcc6f66	2026-06-16T10:55:00.3156910+00:00	2026-06-16T10:55:07.2201610+00:00	2026-06-16T11:05:27.5301760+00:00	2026-06-16T11:05:27.5301760+00:00	Matched	matched	gamma_resolved_metadata	0x8e77b666a76a2376e9eff91727f7abb29b410713d236a3eef41f9cf0a2320466	Down	0.5	6	3	6	3	True	Down	GTD	False
9c4a16c6-e37a-4ab3-8ebf-a39df6c58877	2026-06-16T05:25:02.0734830+00:00	2026-06-16T05:25:12.9356740+00:00	2026-06-16T05:35:32.3117050+00:00	2026-06-16T05:35:32.3117050+00:00	Matched	matched	gamma_resolved_metadata	0x15172c26d6b3488ea570f2148a57ffdb5530916e2b3f7c009e1c721faadbec78	Down	0.5	6	3	6	3	True	Down	GTD	False
8f216059-b2ae-4188-8426-d04040c6232b	2026-06-16T03:30:02.9598570+00:00	2026-06-16T03:30:08.9180910+00:00	2026-06-16T03:39:58.0602140+00:00	2026-06-16T03:39:58.0602140+00:00	Matched	matched	gamma_resolved_metadata	0xf976b2fd098dc54255b895ffc011b77e37f5bf71cfbf629163ed306780094b2f	Down	0.5	6	3	6	3	True	Down	GTD	False
17a12073-9fa4-420b-9096-0eddf4dea029	2026-06-16T02:50:02.0345820+00:00	2026-06-16T02:50:08.1319270+00:00	2026-06-16T03:00:16.8901210+00:00	2026-06-16T03:00:16.8901210+00:00	Matched	matched	gamma_resolved_metadata	0xdf99d0831fa2c8d412cc28e2e9e4432ba22469b4a2c7db83d06588cf9423769e	Down	0.5	6	3	6	3	True	Down	GTD	False
2e0066df-9c34-4ffd-b205-9f827adda8b1	2026-06-17T01:05:05.0492090+00:00	2026-06-17T01:05:11.4355650+00:00	2026-06-17T01:35:10.3768000+00:00	2026-06-17T01:35:10.3768000+00:00	Matched	data_api_current_position_reconciled	gamma_resolved_metadata	0xa1211ccee441d5613aa261c7f77ec3e408a3beef12be90c8c677e408811ee733	Down	0.58	6.9	4.002	6.9	2.898	True	Down	GTD	False
f3353ecf-9d52-4854-999d-02b526645a78	2026-06-16T12:35:43.6967140+00:00	2026-06-16T12:35:57.3105130+00:00	2026-06-16T12:46:13.2516510+00:00	2026-06-16T12:46:13.2516510+00:00	Matched	matched	gamma_resolved_metadata	0xef6cd145b27357b991fb1526327ec4fa2d4b86ca8865877204890e11703aace1	Down	0.58	6.9	4.002	6.9	2.898	True	Down	GTD	False
3c7b821f-2c94-404d-abe9-8e4579836066	2026-06-17T11:30:05.4730680+00:00	2026-06-17T11:30:14.2673050+00:00	2026-06-17T11:36:44.9915930+00:00	2026-06-17T11:36:44.9915930+00:00	Matched	data_api_current_position_reconciled	gamma_resolved_metadata	0x35450aadf8c7c4df5196749ce8f48bc2e366a4b32b007e30fca0cf3e96df3517	Down	0.58	6.899	4.00142	6.899	2.89758	True	Down	GTD	False
3ee42ced-4cd8-4e89-b570-0124ba6e5506	2026-06-17T05:45:05.5174830+00:00	2026-06-17T05:45:13.5182610+00:00	2026-06-17T05:54:44.1641910+00:00	2026-06-17T05:54:44.1641910+00:00	Matched	matched	gamma_resolved_metadata	0x2de9f5d3c05438ce8631452b9cd6882a4e0029925e5b8ec97c93c2b19292a5c2	Down	0.51	5.89	3.0039	5.89	2.8861	True	Down	GTD	False
d07d77f5-c8e5-4f65-a0ec-e4ecc94c8eb0	2026-06-17T04:41:42.6476120+00:00	2026-06-17T04:41:50.9607310+00:00	2026-06-17T04:47:08.9222420+00:00	2026-06-17T04:47:08.9222420+00:00	Matched	matched	gamma_resolved_metadata	0xe1c146f365264e8a88428f566732e89896aedf40b8e3d26fe08e89bce3294e2c	Down	0.52	5.77	3.0004	5.77	2.7696	True	Down	GTD	False
7c9e567b-6069-4a54-be2e-7768cf69f96b	2026-06-16T11:20:04.8566030+00:00	2026-06-16T11:20:13.1692940+00:00	2026-06-16T11:30:21.5749520+00:00	2026-06-16T11:30:21.5749520+00:00	Matched	matched	gamma_resolved_metadata	0x1a36798d9868cfec49e3a77c38dbd4cb7b8e89c546b58b540f71b412f57a668d	Down	0.54	5.56	2.8356	5.56	2.7244	True	Down	GTD	False
9c01ccc0-1620-49bd-93c8-f3ce33ef1602	2026-06-17T01:25:22.8929820+00:00	2026-06-17T01:25:27.6308200+00:00	2026-06-17T02:26:23.9137990+00:00	2026-06-17T02:26:23.9137990+00:00	Matched	data_api_current_position_reconciled	gamma_resolved_metadata	0x2da184c346ba4972f4a1af462766e63616dff0445431946672ad9b02d68044cd	Down	0.6	6.67	4.002	6.67	2.668	True	Down	GTD	False
ba255216-ad6c-4df5-a670-1513d8ccc4a9	2026-06-16T07:55:02.8648050+00:00	2026-06-16T07:55:18.9941960+00:00	2026-06-16T08:05:11.0311670+00:00	2026-06-16T08:05:11.0311670+00:00	Matched	matched	gamma_resolved_metadata	0x7e42e05753b57368ead333ad04622d502b64044cc1c51d4789449a43088a6800	Down	0.6	6.67	4.002	6.67	2.668	True	Down	GTD	False
08c30978-0347-4608-bd13-cb4e688ca010	2026-06-16T07:25:01.1448490+00:00	2026-06-16T07:25:11.8768230+00:00	2026-06-16T07:35:31.1607330+00:00	2026-06-16T07:35:31.1607330+00:00	Matched	matched	gamma_resolved_metadata	0x0c10d47d7b38e4e154b576809c3bdba2cb7f0c60a88dd09b99f5c6379e20a34f	Down	0.6	6.67	4.002	6.67	2.668	True	Down	GTD	False
8c0a1ad9-a9e4-414a-b8b8-e0e093cd3778	2026-06-17T10:25:03.5594070+00:00	2026-06-17T10:25:09.3681600+00:00	2026-06-17T10:35:11.4677420+00:00	2026-06-17T10:35:11.4677420+00:00	Matched	matched	gamma_resolved_metadata	0xea5b7eb0ff3424fd91708ca9b922c465404fb46f84a3257283992e899a7f18a0	Down	0.53	5.67	3.0051	5.67	2.6649	True	Down	GTD	False
85c1d643-062c-40f2-be6f-c9022b2bdb1d	2026-06-17T06:10:07.9507680+00:00	2026-06-17T06:10:11.6838680+00:00	2026-06-17T06:20:15.0488730+00:00	2026-06-17T06:20:15.0488730+00:00	Matched	matched	gamma_resolved_metadata	0xebfa005ce72a979a344a561c4df86f1af7beff648aa85669a0aac4bffcaa5508	Down	0.53	5.67	3.0051	5.67	2.6649	True	Down	GTD	False
9c77ba65-272b-448e-bbb3-f309ce365290	2026-06-16T21:50:21.1778180+00:00	2026-06-16T21:50:27.9504270+00:00	2026-06-17T00:21:49.0952630+00:00	2026-06-17T00:21:49.0952630+00:00	Matched	matched	gamma_resolved_metadata	0xe012d12fb916fca50c8a89668b0bcd96991196565762f7243569945d95522810	Down	0.53	5.67	3.0051	5.67	2.6649	True	Down	GTD	False
64b26725-756f-48ae-b6a1-9bd0f749e77b	2026-06-16T17:50:02.8498490+00:00	2026-06-16T17:50:06.9349840+00:00	2026-06-16T18:00:19.0756340+00:00	2026-06-16T18:00:19.0756340+00:00	Matched	matched	gamma_resolved_metadata	0x8728ca4cb087427f606eab6dec55801bff888d6f95031b7a1a7dc69aef317e42	Down	0.53	5.67	3.0051	5.67	2.6649	True	Down	GTD	False
12db8777-0ea7-481e-b0f4-72f700bd8375	2026-06-16T16:55:02.3145590+00:00	2026-06-16T16:55:07.4341560+00:00	2026-06-16T17:05:24.0268770+00:00	2026-06-16T17:05:24.0268770+00:00	Matched	matched	gamma_resolved_metadata	0xf3dff5bee554e56df17c0d6716f7fd391a0de5c32b7524759292ab0fd079c69a	Down	0.53	5.67	3.0051	5.67	2.6649	True	Down	GTD	False
8875931c-4f04-4a13-9a5e-f7d89c824f32	2026-06-16T06:55:01.3787540+00:00	2026-06-16T06:55:12.7427390+00:00	2026-06-16T07:05:03.4542760+00:00	2026-06-16T07:05:03.4542760+00:00	Matched	matched	gamma_resolved_metadata	0x83c399d3d2f99ad36f724c222c4d1b4406e3d9c5ea00d4836cbbda4b681899dc	Down	0.53	5.67	3.0051	5.67	2.6649	True	Down	GTD	False
54d35903-1cd7-452e-a4a9-728ffd3cf8cd	2026-06-17T09:30:51.5731670+00:00	2026-06-17T09:30:56.3292850+00:00	2026-06-17T09:36:43.4881070+00:00	2026-06-17T09:36:43.4881070+00:00	Matched	data_api_current_position_reconciled	gamma_resolved_metadata	0x83e42d7e9837c5cf0d8bc94a155282b7179f2300d439d1865f6c858ac9f90f5b	Down	0.54	5.5599	3.002346	5.5599	2.557554	True	Down	GTD	False
e96d810b-29aa-45cc-9076-b2c1e09320df	2026-06-17T18:45:03.6404880+00:00	2026-06-17T18:45:10.9853110+00:00	2026-06-17T18:54:40.4846160+00:00	2026-06-17T18:54:40.4846160+00:00	Matched	matched	gamma_resolved_metadata	0x9a0717576b208a844a312a46c2663651438eb6a18b2519aab467411cfe2c092f	Down	0.62	6.46	4.0052	6.46	2.4548	True	Down	GTD	False
9aa2dfd0-21d1-40c7-aa3b-801b0e358068	2026-06-17T12:50:42.3313430+00:00	2026-06-17T12:50:51.2801230+00:00	2026-06-17T13:01:28.9802820+00:00	2026-06-17T13:01:28.9802820+00:00	Matched	data_api_current_position_reconciled	gamma_resolved_metadata	0x6b5791845362eb2d7a7d490d25adf9c4a62fa06bcf55d83becae11bfa5424563	Down	0.63	6.3416	3.995208	6.3416	2.346392	True	Down	GTD	False
3ef7c420-4347-4fc7-aad3-5d2ea2d9e826	2026-06-17T03:35:23.8807710+00:00	2026-06-17T03:35:27.6589890+00:00	2026-06-17T04:31:23.5119300+00:00	2026-06-17T04:31:23.5119300+00:00	Matched	matched	gamma_resolved_metadata	0x401ec44d06608a28ce968ff41ce3a48dab275c263fb6a8f574d36e232a6f1c15	Down	0.64	6.25	4	6.25	2.25	True	Down	GTD	False
c46168c7-2cfe-4314-a862-2c18c0d8a59f	2026-06-17T00:35:06.5048780+00:00	2026-06-17T00:35:12.2725910+00:00	2026-06-17T01:36:03.6604120+00:00	2026-06-17T01:36:03.6604120+00:00	Matched	data_api_current_position_reconciled	gamma_resolved_metadata	0x1e6c6334e234f621f4a8c75c8c6696b01bc454bfe7d218d0a7e965fe1697e29e	Down	0.64	6.2455	3.99712	6.2455	2.24838	True	Down	GTD	False
41344da1-1693-4c0e-a87f-19b3fcb03424	2026-06-17T16:30:13.2254050+00:00	2026-06-17T16:30:28.2571550+00:00	2026-06-17T16:39:28.4243670+00:00	2026-06-17T16:39:28.4243670+00:00	Matched	matched	gamma_resolved_metadata	0x17e620c93c712c9cea930501967c688ecc8b5329fefd8509159d09191e01e700	Down	0.68	5.89	3.7146	5.89	2.1754	True	Down	GTD	False
e46bf262-8211-48f0-80ae-ce9f04b25924	2026-06-16T20:48:10.1134890+00:00	2026-06-16T20:48:29.4736040+00:00	2026-06-17T01:34:11.2138120+00:00	2026-06-17T01:34:11.2138120+00:00	Matched	matched	gamma_resolved_metadata	0xf1bae1bdc2b35129bd09b74f7906983328dc9020392b4ae232edc3eca9cb2965	Down	0.65	6.16	4.004	6.16	2.156	True	Down	GTD	False
e43aaee9-5f2d-495b-8226-a7282bda9e92	2026-06-17T15:15:11.3587970+00:00	2026-06-17T15:15:18.5892050+00:00	2026-06-17T15:25:51.0621270+00:00	2026-06-17T15:25:51.0621270+00:00	Matched	data_api_current_position_reconciled	gamma_resolved_metadata	0x6a54b47bd6c92e0b5e998999a6b80765f1ff8777925fb81348886aeb3ed0189c	Down	0.66	6.07	4.0062	6.07	2.0638	True	Down	GTD	False
25570d45-7ac2-4af5-8a43-612ca9af6427	2026-06-17T04:25:20.0139010+00:00	2026-06-17T04:25:23.4463800+00:00	2026-06-17T04:44:57.8497290+00:00	2026-06-17T04:44:57.8497290+00:00	Matched	matched	gamma_resolved_metadata	0x40692b318e1a8a4ff801962b67ad659c4f1d684b8aa94a7f5d0b91c325a885a1	Down	0.66	6.07	4.0062	6.07	2.0638	True	Down	GTD	False
3e9b4c8d-95a5-472b-bc62-383e09fb414f	2026-06-16T23:35:18.5524890+00:00	2026-06-16T23:35:22.1393720+00:00	2026-06-17T01:34:21.2312860+00:00	2026-06-17T01:34:21.2312860+00:00	Matched	data_api_current_position_reconciled	gamma_resolved_metadata	0xbc3a991eab9528a016204e415ecaede3b6b3f293b6f13c85933c0ffcf0fd9d9b	Down	0.37	3.1746	1.174602	3.1746	1.999998	True	Down	GTD	False
287a75e6-09e7-421d-9341-f8060fdc8d6a	2026-06-17T02:06:40.5637350+00:00	2026-06-17T02:06:57.4324560+00:00	2026-06-17T03:42:01.0227180+00:00	2026-06-17T03:42:01.0227180+00:00	Matched	data_api_current_position_reconciled	gamma_resolved_metadata	0xf44a6bbedeaffc525ce3817fc400f612545d3b341c72b7da9ee95579a03e2e29	Down	0.68	5.89	4.0052	5.89	1.8848	True	Down	GTD	False
b2f58ef3-0b24-4cda-bd72-2907d5198f94	2026-06-17T16:21:31.1173990+00:00	2026-06-17T16:21:33.8554790+00:00	2026-06-17T16:31:39.8459980+00:00	2026-06-17T16:31:39.8459980+00:00	Matched	matched	gamma_resolved_metadata	0xa73901e5ccf46ecb68a410915ea275033c86e6cba40444e82eab0fece182fc29	Down	0.69	5.8	3.944	5.8	1.856	True	Down	GTD	False
ec4216aa-ed72-4855-905f-479ea79d5c60	2026-06-17T21:25:34.0104750+00:00	2026-06-17T21:25:49.2684780+00:00	2026-06-17T21:31:42.2949070+00:00	2026-06-17T21:31:42.2949070+00:00	Matched	data_api_current_position_reconciled	gamma_resolved_metadata	0x470a417bcb6f0d3431f5e61e7cf5a78b953d5bb7658205984e697764403a9066	Down	0.69	5.797	3.99993	5.797	1.79707	True	Down	GTD	False
14a61c83-39cb-4bb4-a4da-8278cc8746a4	2026-06-17T07:46:08.4747150+00:00	2026-06-17T07:46:22.4195460+00:00	2026-06-17T07:56:42.7332680+00:00	2026-06-17T07:56:42.7332680+00:00	Matched	data_api_current_position_reconciled	gamma_resolved_metadata	0x0795fc761899f23329dcab7847aef5b0bf8ef579a48ae60f88106e2554422928	Down	0.76	6.58	5.0008	6.58	1.5792	True	Down	GTD	False
c4265832-829b-4230-8b4e-7e576bd892ae	2026-06-17T02:26:01.2060450+00:00	2026-06-17T02:26:12.2064370+00:00	2026-06-17T03:52:14.9989280+00:00	2026-06-17T03:52:14.9989280+00:00	Matched	data_api_current_position_reconciled	gamma_resolved_metadata	0x02863fce4a92ec5296d9ddbbfd3dc7580746ebacedb44aa84f52f86e544525b3	Down	0.77	6.4943	5.000611	6.4943	1.493689	True	Down	GTD	False
6d696e79-7adc-4ffa-8b43-5e0f88ea9b47	2026-06-17T03:55:44.3982700+00:00	2026-06-17T03:55:59.5264960+00:00	2026-06-17T04:36:25.3532560+00:00	2026-06-17T04:36:25.3532560+00:00	Matched	matched	gamma_resolved_metadata	0x8927c8d8e4f348d0dea17669023f7265fe4e4143fe7ab867f57798a5b146789d	Down	0.8	6.25	5	6.25	1.25	True	Down	GTD	False
3a8f3a6d-dd7a-44ee-bb2d-bdfd239f0314	2026-06-16T22:20:29.4743610+00:00	2026-06-16T22:20:34.4933560+00:00	2026-06-17T00:41:50.5223970+00:00	2026-06-17T00:41:50.5223970+00:00	Matched	matched	gamma_resolved_metadata	0x86f03a59f22e23e403bbddb0ccaf40db49b0a34ea0b79262c6439324ec8fa682	Down	0.81	6.18	5.0058	6.18	1.1742	True	Down	GTD	False
8bf680f4-b5d3-4bec-9fb4-e0c5d9d2181b	2026-06-17T17:56:36.3301060+00:00	2026-06-17T17:56:44.2499530+00:00	2026-06-17T18:01:37.8140140+00:00	2026-06-17T18:01:37.8140140+00:00	Matched	data_api_current_position_reconciled	gamma_resolved_metadata	0x2104f61f2f954acae073a4dec30e3b2d10d42e8148471a0a5129e44adb084fe8	Down	0.83	6.03	5.0049	6.03	1.0251	True	Down	GTD	False
fb1113fd-7550-4c00-8b12-124db4420ed9	2026-06-17T08:02:35.3974340+00:00	2026-06-17T08:02:46.2275450+00:00	2026-06-17T08:08:04.1085950+00:00	2026-06-17T08:08:04.1085950+00:00	Matched	matched	gamma_resolved_metadata	0x06c2672c437eb9a7a92e3f79ab9e9851975f9c1285836f7c607ac74fee97f4c8	Down	0.87	5.75	4.945	5.75	0.805	True	Down	GTD	False
5268b6b5-8995-4457-9af6-9df68132ee87	2026-06-17T14:47:29.8596250+00:00	2026-06-17T14:47:36.6992450+00:00	2026-06-17T14:52:56.7773620+00:00	2026-06-17T14:52:56.7773620+00:00	Matched	data_api_current_position_reconciled	gamma_resolved_metadata	0xc801bb1b40f893a94cef5e7fc23ad88e7594d34af30b1994ac3487054385e592	Down	0.99	4.76	4.7124	4.76	0.0476	True	Down	GTD	False
3a7160fb-d01c-471f-a03c-3c580ac32086	2026-06-16T12:31:37.4929890+00:00	2026-06-16T12:31:49.8159790+00:00	2026-06-16T12:42:02.7112370+00:00	2026-06-16T12:42:02.7112370+00:00	Matched	matched	gamma_resolved_metadata	0xa21884ac3891eca05a7ab2c46b9352c1bb28a85f2fcfc7dde9a5dc2d6f488ec9	Down	0.05	20	0.8	0	-0.8	False	Up	GTD	False
ed81ee5b-fe58-49e7-8717-1e48029d1206	2026-06-16T20:42:19.0648700+00:00	2026-06-16T20:42:31.3780960+00:00	2026-06-17T01:34:52.2980950+00:00	2026-06-17T01:34:52.2980950+00:00	Matched	matched	gamma_resolved_metadata	0x83dd2987114f1d7c13f47bcfc3c854955d3bad763f8809cdb6f4646ae61c6bcc	Down	0.15	6.67	0.9338	0	-0.9338	False	Up	GTD	False
81f3dd71-bde1-481f-b620-8e9f473d8c83	2026-06-17T01:42:08.7884330+00:00	2026-06-17T01:42:24.5616900+00:00	2026-06-17T02:28:29.6617260+00:00	2026-06-17T02:28:29.6617260+00:00	Matched	matched	gamma_resolved_metadata	0x30e9c26ea1d6126d1e4a4dc68f532e2999919c3776cd896021a2ab89d8081610	Down	0.01	100	1	0	-1	False	Up	GTD	False
bd825655-cb3a-40e8-bd08-05fa95a546ba	2026-06-17T01:48:15.1667150+00:00	2026-06-17T01:48:25.4677770+00:00	2026-06-17T02:27:21.9932790+00:00	2026-06-17T02:27:21.9932790+00:00	Matched	data_api_current_position_reconciled	gamma_resolved_metadata	0x2fa3e56a2b705555b5abc1171613343f31213eff05a9d731b6836a1914e711ac	Down	0.1	10	1	0	-1	False	Up	GTD	False
94f2638e-d304-408b-bf1f-0abc0467ed8f	2026-06-16T17:48:02.6642470+00:00	2026-06-16T17:48:09.9514980+00:00	2026-06-16T17:53:26.3868090+00:00	2026-06-16T17:53:26.3868090+00:00	Matched	matched	gamma_resolved_metadata	0xfe257564435885002cdba3b31704770218c082a75eb5c067c43704f48eab6b47	Down	0.01	100	1	0	-1	False	Up	GTD	False
5d9d0794-9e47-43cc-a738-07227623dbd3	2026-06-17T13:47:18.1860580+00:00	2026-06-17T13:47:23.1953730+00:00	2026-06-17T13:52:39.4462100+00:00	2026-06-17T13:52:39.4462100+00:00	Matched	matched	gamma_resolved_metadata	0xf55cc13bde97df70da70187be798ad5c1f93c28e2ab86f941bc318d1e4b2bfaa	Down	0.12	8.34	1.0008	0	-1.0008	False	Up	GTD	False
dacfdde4-1e85-4d9b-98d6-f7aa137edc84	2026-06-16T20:37:39.9049200+00:00	2026-06-16T20:37:51.9857950+00:00	2026-06-16T20:43:04.9684690+00:00	2026-06-16T20:43:04.9684690+00:00	Matched	matched	gamma_resolved_metadata	0xb58bcbfdd1e03d3cf27719f1286a189ca503b3fd3efb8c1917107725b8b6e642	Down	0.13	7.7	1.001	0	-1.001	False	Up	GTD	False
71ba4586-5e44-4b35-8408-c2bf1aa1eb28	2026-06-16T08:31:50.0940390+00:00	2026-06-16T08:32:10.0852700+00:00	2026-06-16T08:37:22.8551480+00:00	2026-06-16T08:37:22.8551480+00:00	Matched	data_api_current_position_reconciled	gamma_resolved_metadata	0x98e386ee91fc235ac0df046f4c49084c14f340ae2ecebdc599ca1a76a72abc14	Down	0.55	1.94	1.067	0	-1.067	False	Up	GTD	False
0a3e7161-f6e3-4b00-9194-a30c89ca68f0	2026-06-17T01:56:33.4645210+00:00	2026-06-17T01:56:39.9262030+00:00	2026-06-17T02:27:29.3634110+00:00	2026-06-17T02:27:29.3634110+00:00	Matched	matched	gamma_resolved_metadata	0xc3b17707aa348d619affeaf1aaea9f37b0efcfae807091afbe20d309b4c5e63d	Down	0.26	7.7	1.771	0	-1.771	False	Up	GTD	False
14f78b0c-c465-4768-bd80-03efc310c382	2026-06-16T12:15:02.5716830+00:00	2026-06-16T12:15:12.4248210+00:00	2026-06-16T12:25:25.9994060+00:00	2026-06-16T12:25:25.9994060+00:00	Matched	matched	gamma_resolved_metadata	0x444367905d405ceb0bb5a020937dac5214ead964ec35519e03877d52ac49bb48	Down	0.26	7.7	1.925	0	-1.925	False	Up	GTD	False
8e382cd7-4ab1-4176-a258-c1b13bedce29	2026-06-17T20:50:54.6143980+00:00	2026-06-17T20:51:02.2435420+00:00	2026-06-17T20:59:09.7967430+00:00	2026-06-17T20:59:09.7967430+00:00	Matched	data_api_current_position_reconciled	gamma_resolved_metadata	0xe2afe523f28fff445ad0d4a06984074de1abcef87671f58d86b7ae3575273606	Down	0.34	5.75	1.955	0	-1.955	False	Up	GTD	False
fac53ac6-4988-47ef-8018-38f8b0d72272	2026-06-16T02:40:01.4560020+00:00	2026-06-16T02:40:07.4103930+00:00	2026-06-16T02:49:00.9056920+00:00	2026-06-16T02:49:00.9056920+00:00	Matched	data_api_current_position_reconciled	gamma_resolved_metadata	0xe97ab41d654006a0e7a535af481621b9f2c130bdd58d445af0b0ab2b2be1fc94	Down	0.4	5	2	0	-2	False	Up	GTD	False
7b5a4125-8266-4e95-84fd-cdbbab6b0a2a	2026-06-17T20:57:01.9689780+00:00	2026-06-17T20:57:07.5258360+00:00	2026-06-17T21:02:39.1768370+00:00	2026-06-17T21:02:39.1768370+00:00	Matched	matched	gamma_resolved_metadata	0x9ac719c43412eba37f49112dd9181eab9113218a58ba06fc5596bb5fb18c05d1	Down	0.23	8.7	2.001	0	-2.001	False	Up	GTD	False
0c94a3f0-f9a4-471d-994d-bb8265fb9fb3	2026-06-17T22:26:30.6748830+00:00	2026-06-17T22:26:54.4089010+00:00	2026-06-17T22:32:19.4964000+00:00	2026-06-17T22:32:19.4964000+00:00	Matched	data_api_current_position_reconciled	gamma_resolved_metadata	0x6386e08d0386da18bc684b84a35ab1e218a0aec5e40ceada136b50e736221b12	Down	0.36	5.5599	2.001564	0	-2.001564	False	Up	GTD	False
7414e632-870c-4cee-9899-9912f70e782c	2026-06-16T23:00:18.8992290+00:00	2026-06-16T23:00:22.1684200+00:00	2026-06-17T01:12:04.7276470+00:00	2026-06-17T01:12:04.7276470+00:00	Matched	data_api_current_position_reconciled	gamma_resolved_metadata	0x2dd641894e41bb829aa4bd319ab85650ba413702976dcba63d29e8f904756e2d	Down	0.36	5.5599	2.001564	0	-2.001564	False	Up	GTD	False
35ee578d-56ad-46f2-b0fd-b6ac56093e58	2026-06-16T20:17:02.1277810+00:00	2026-06-16T20:17:11.5128730+00:00	2026-06-16T20:22:37.8931720+00:00	2026-06-16T20:22:37.8931720+00:00	Matched	data_api_current_position_reconciled	gamma_resolved_metadata	0x2f23520a835daaf4ea9ad564a833a55483800311a680b0a85bd4f395b03b49b0	Down	0.36	5.5599	2.001564	0	-2.001564	False	Up	GTD	False
bd13bb6b-9f91-45bd-874d-2bf1f5be2e2e	2026-06-17T18:41:41.8504260+00:00	2026-06-17T18:41:48.9728950+00:00	2026-06-17T18:47:04.4738990+00:00	2026-06-17T18:47:04.4738990+00:00	Matched	data_api_current_position_reconciled	gamma_resolved_metadata	0x77ad36480f154478359004363bb06e4cfb986ada315a582dcbe93e32557dc116	Down	0.26	7.7	2.002	0	-2.002	False	Up	GTD	False
e4525c79-274b-4458-a253-d02bd3c73a34	2026-06-17T07:11:02.3273850+00:00	2026-06-17T07:11:10.3277740+00:00	2026-06-17T07:21:34.0340510+00:00	2026-06-17T07:21:34.0340510+00:00	Matched	data_api_current_position_reconciled	gamma_resolved_metadata	0xa9f91218705bf82f4b7b7914a0eed002bfa8b155fd787089f012268b175b6aaa	Down	0.35	5.72	2.002	0	-2.002	False	Up	GTD	False
cdb5ce42-0664-44cd-9452-83a076a9410a	2026-06-16T10:22:08.0943400+00:00	2026-06-16T10:22:19.0418500+00:00	2026-06-16T10:27:27.3160830+00:00	2026-06-16T10:27:27.3160830+00:00	Matched	matched	gamma_resolved_metadata	0x2c741fe9b1eca3d06f972a169f36dc4635266cfd555b1ee1f16444d40460f914	Down	0.26	7.7	2.002	0	-2.002	False	Up	GTD	False
e10b56d2-41ed-4a89-a990-99b89b4c60d1	2026-06-16T19:32:44.2153590+00:00	2026-06-16T19:32:53.8665170+00:00	2026-06-16T19:38:08.1396770+00:00	2026-06-16T19:38:08.1396770+00:00	Matched	matched	gamma_resolved_metadata	0xeb941d3085c9a2c015da61eefbd67cb5f6620ddda9053ca94755791a0333fbc8	Down	0.34	5.89	2.0026	0	-2.0026	False	Up	GTD	False
828b6e9f-2ee1-43ff-a7c0-2297720f2824	2026-06-17T09:16:06.3023320+00:00	2026-06-17T09:16:09.7244620+00:00	2026-06-17T09:22:30.1007630+00:00	2026-06-17T09:22:30.1007630+00:00	Matched	matched	gamma_resolved_metadata	0x32db69c1226afc22426ec80c5a4df0cc416bd6cc41f7382543ed1cde3e3b8272	Down	0.33	6.07	2.0031	0	-2.0031	False	Up	GTD	False
c10a89fe-696c-463b-8cb8-98e93810f950	2026-06-17T09:00:03.8381990+00:00	2026-06-17T09:00:19.4987120+00:00	2026-06-17T09:07:52.6271210+00:00	2026-06-17T09:07:52.6271210+00:00	Matched	matched	gamma_resolved_metadata	0xe7b037695dfa64cfba478ab48bd40eecd948e63096398d9d84e5bcff045aea31	Down	0.5	6	2.46	0	-2.46	False	Up	GTD	False
c6b26f2b-f236-4ab0-b0ef-4a5078dc9bc4	2026-06-16T03:10:04.6238030+00:00	2026-06-16T03:10:12.5748560+00:00	2026-06-16T03:19:57.7138090+00:00	2026-06-16T03:19:57.7138090+00:00	Matched	matched	gamma_resolved_metadata	0x6e6729aec7f147828c86525bd20e3be6bc1ced9ff20932b70044afc4832f4a5d	Down	0.47	6.39	2.6838	0	-2.6838	False	Up	GTD	False
9a49b8e5-cd7f-4abf-87fa-10eeb795a896	2026-06-17T02:00:17.2275890+00:00	2026-06-17T02:00:25.9321330+00:00	2026-06-17T03:42:27.8865040+00:00	2026-06-17T03:42:27.8865040+00:00	Matched	data_api_current_position_reconciled	gamma_resolved_metadata	0xbd25f725ff7ea781ae97e268a714e9e43dfb99f135e846c38cab98c7cfb14e8c	Down	0.5	5.6	2.8	0	-2.8	False	Up	GTD	False
51181820-87eb-4260-9668-2e1afc8766a7	2026-06-17T00:05:18.4774200+00:00	2026-06-17T00:05:25.8614430+00:00	2026-06-17T01:36:03.4106380+00:00	2026-06-17T01:36:03.4106380+00:00	Matched	matched	gamma_resolved_metadata	0x87a91a5b50d374fa0e524c4e07a50a4a2bccca3c096ad09376c62f5797e32a44	Down	0.44	6.82	2.8644	0	-2.8644	False	Up	GTD	False
5937dc31-3a7a-46de-bc91-a29fa79fe900	2026-06-17T17:30:03.9037550+00:00	2026-06-17T17:30:20.0549430+00:00	2026-06-17T17:40:47.9151040+00:00	2026-06-17T17:40:47.9151040+00:00	Matched	matched	gamma_resolved_metadata	0xb8712070ebec57b95e859592627bf0a7ed2e8add4e7209ca5178a453837f31aa	Down	0.37	8.11	2.9196	0	-2.9196	False	Up	GTD	False
b0919a08-2b7d-4760-8ce9-01ff7d385447	2026-06-17T17:25:06.5757320+00:00	2026-06-17T17:25:12.5671010+00:00	2026-06-17T17:35:13.2613620+00:00	2026-06-17T17:35:13.2613620+00:00	Matched	matched	gamma_resolved_metadata	0x0e8cd298198333bae47be5e7d22a6b3fed6c0cd1c8d1ee6f3b72f6175e803242	Down	0.43	6.98	2.9316	0	-2.9316	False	Up	GTD	False
b9420b14-58ad-47d5-9995-54f288c21498	2026-06-17T12:35:03.4128950+00:00	2026-06-17T12:35:23.0948010+00:00	2026-06-17T12:42:42.6768610+00:00	2026-06-17T12:42:42.6768610+00:00	Matched	matched	gamma_resolved_metadata	0xc2282ea5dd44186bd39497bb179714fd4e6c3f3018fb2f5b1aafa743980ff9a7	Down	0.44	6.82	2.9326	0	-2.9326	False	Up	GTD	False
c1fae1b4-cc3b-4b6f-abff-2e88ea540277	2026-06-17T06:05:04.6888680+00:00	2026-06-17T06:05:17.8092580+00:00	2026-06-17T06:11:32.2196710+00:00	2026-06-17T06:11:32.2196710+00:00	Matched	matched	gamma_resolved_metadata	0x153d3970a9bd93e9a7e650c236472fabb246db2483ad1a289ce526a523b4f1f1	Down	0.48	6.25	2.9375	0	-2.9375	False	Up	GTD	False
e98ae273-7a66-4c8b-8e46-c1c5c45a2b0f	2026-06-16T12:10:01.0306730+00:00	2026-06-16T12:10:13.1423930+00:00	2026-06-16T12:20:34.3688700+00:00	2026-06-16T12:20:34.3688700+00:00	Matched	matched	gamma_resolved_metadata	0x3e6591760423d834d10a0c68c924c7b5298a73518731e48674a960eb7dbe9b7c	Down	0.48	6.25	2.9375	0	-2.9375	False	Up	GTD	False
b614ebcd-ab47-4441-a42a-39ccf4d5b105	2026-06-16T08:15:03.7844910+00:00	2026-06-16T08:15:19.7543510+00:00	2026-06-16T08:25:32.5525190+00:00	2026-06-16T08:25:32.5525190+00:00	Matched	matched	gamma_resolved_metadata	0x6df47fcda1e6935940e99e833274f27497f55674869bb220e562d42af54bd822	Down	0.46	6.53	2.9385	0	-2.9385	False	Up	GTD	False
c4cd80ee-4ee6-4f08-9c47-a76a0f94c380	2026-06-17T09:06:14.6531240+00:00	2026-06-17T09:06:20.2491870+00:00	2026-06-17T09:15:04.0661670+00:00	2026-06-17T09:15:04.0661670+00:00	Matched	matched	gamma_resolved_metadata	0xff226ededa67e8641650f7cf13b286d6c736a7c86d5d98c966c86073f6923e8b	Down	0.5	6	2.94	0	-2.94	False	Up	GTD	False
8f7f1014-5d4f-4f15-b68b-536167792b6e	2026-06-16T22:55:22.3984740+00:00	2026-06-16T22:55:26.2817030+00:00	2026-06-17T01:07:56.4091570+00:00	2026-06-17T01:07:56.4091570+00:00	Matched	matched	gamma_resolved_metadata	0x740d40ffaa3c922f2d06a7abfafde95e7584c5473ddedaf1e747c64b0a6a9e4b	Down	0.52	5.77	2.9427	0	-2.9427	False	Up	GTD	False
bd8ea80d-2a4e-42d8-85c8-a6cb08ff241a	2026-06-17T09:10:03.5334610+00:00	2026-06-17T09:10:09.0061610+00:00	2026-06-17T09:20:20.4553780+00:00	2026-06-17T09:20:20.4553780+00:00	Matched	matched	gamma_resolved_metadata	0x0c3bad7bbe3767fc811a9e5b66a73235034f28bd0c078946023921fe846813b5	Down	0.54	5.56	2.9468	0	-2.9468	False	Up	GTD	False
6d7df0a5-8911-4096-8990-ac876ef32e95	2026-06-16T11:55:00.8270990+00:00	2026-06-16T11:55:11.9447160+00:00	2026-06-16T12:05:27.7048240+00:00	2026-06-16T12:05:27.7048240+00:00	Matched	matched	gamma_resolved_metadata	0xc3f802168a811daabb6d22512dffd10ee04da84fe95cecfc7ca80a26ac85ceac	Down	0.5	6	3	0	-3	False	Up	GTD	False
ebfa6dbf-4ed0-40ec-8e0a-221e9def47eb	2026-06-16T11:45:17.4444740+00:00	2026-06-16T11:45:29.4501930+00:00	2026-06-16T11:55:47.6396490+00:00	2026-06-16T11:55:47.6396490+00:00	Matched	matched	gamma_resolved_metadata	0x219347cd13e00deb6eb5ded4e6e8a7bae7a0a48a46bb0277df758ea24a223acb	Down	0.5	6	3	0	-3	False	Up	GTD	False
7e469d13-d47c-4133-a5ff-9c6fc01a260e	2026-06-17T02:45:07.3609030+00:00	2026-06-17T02:45:14.8113860+00:00	2026-06-17T03:49:30.1811340+00:00	2026-06-17T03:49:30.1811340+00:00	Matched	matched	gamma_resolved_metadata	0x5e26a120e5e5dd4dc985dc798bfd72e76bfc218f6a21a4506d64298b7da5c7b2	Down	0.52	5.77	3.0004	0	-3.0004	False	Up	GTD	False
e7a9c3b6-db39-4311-a925-c0c5e744d87c	2026-06-16T18:11:17.8519570+00:00	2026-06-16T18:11:26.5601800+00:00	2026-06-16T18:17:41.0981270+00:00	2026-06-16T18:17:41.0981270+00:00	Matched	matched	gamma_resolved_metadata	0x63f207a2fe5a0d8fc562ccb06a5fa765f842b37012883927bea3dd1715c8e9e5	Down	0.52	5.77	3.0004	0	-3.0004	False	Up	GTD	False
c85d4403-b483-4728-bb7a-1448b1ff39a2	2026-06-16T06:50:00.3554860+00:00	2026-06-16T06:50:14.5191030+00:00	2026-06-16T06:58:51.4599890+00:00	2026-06-16T06:58:51.4599890+00:00	Matched	matched	gamma_resolved_metadata	0x33d7f229ce0f771a238a2da0703aa2d42c0afec536de57b3c8edaef9169cbf13	Down	0.52	5.77	3.0004	0	-3.0004	False	Up	GTD	False
fbb73ec5-93b1-41c8-b5ef-d84a27204bc6	2026-06-17T17:20:04.7704740+00:00	2026-06-17T17:20:11.4093970+00:00	2026-06-17T17:27:09.4208990+00:00	2026-06-17T17:27:09.4208990+00:00	Matched	data_api_current_position_reconciled	gamma_resolved_metadata	0xb383a0f805d484dc4eb007fe17fec59b3e92fd97f846ce9b4085c6562c8f132c	Down	0.44	6.82	3.0008	0	-3.0008	False	Up	GTD	False
d84a3fba-effc-451b-aeeb-1d412a4a3923	2026-06-16T18:45:01.2605230+00:00	2026-06-16T18:45:05.9963530+00:00	2026-06-16T18:55:16.0947630+00:00	2026-06-16T18:55:16.0947630+00:00	Matched	matched	gamma_resolved_metadata	0x4d88e0bd04b8a71a5c8781549e5fe5120f8f3a5fb5e739066f58f868d83ce1ae	Down	0.44	6.82	3.0008	0	-3.0008	False	Up	GTD	False
24324c2e-92e3-4356-9b97-6b5f1d8b4dd6	2026-06-17T13:35:03.6761560+00:00	2026-06-17T13:35:09.5519710+00:00	2026-06-17T13:44:19.6921260+00:00	2026-06-17T13:44:19.6921260+00:00	Matched	matched	gamma_resolved_metadata	0x9e3b626ba20e6eb0400007de72b715d50ee95c366300247532e174e7ea2d17da	Down	0.41	7.32	3.0012	0	-3.0012	False	Up	GTD	False
9fd20c0e-4849-4a9f-9f93-bb03ab2f82e9	2026-06-16T18:06:51.0761340+00:00	2026-06-16T18:06:58.6082710+00:00	2026-06-16T18:12:11.3989330+00:00	2026-06-16T18:12:11.3989330+00:00	Matched	matched	gamma_resolved_metadata	0xec187bd3914b3103f695645a56b9351c68f86884ad37f95b2fcf1f1a0ddeb3fc	Down	0.41	7.32	3.0012	0	-3.0012	False	Up	GTD	False
5c41bd5e-d976-4424-9a75-9f4339e25e65	2026-06-16T07:20:09.6801080+00:00	2026-06-16T07:20:24.2925030+00:00	2026-06-16T07:27:46.9548440+00:00	2026-06-16T07:27:46.9548440+00:00	Matched	matched	gamma_resolved_metadata	0x2c1ca939887fb809bc43e0c04f11f526c35982d74fbac5149408535174a72f96	Down	0.43	6.98	3.0014	0	-3.0014	False	Up	GTD	False
eb5cfd5f-6ca2-4c28-85df-45e705f486c9	2026-06-17T16:00:05.4292750+00:00	2026-06-17T16:00:21.7224880+00:00	2026-06-17T16:11:04.1726180+00:00	2026-06-17T16:11:04.1726180+00:00	Matched	data_api_current_position_reconciled	gamma_resolved_metadata	0xee1fa8f81f85e99e62d0fbb90a77d10bba5313d37e3f68d669dafa89e7292cf4	Down	0.39	7.698	3.00222	0	-3.00222	False	Up	GTD	False
75c7cec9-c59c-4801-b151-cfe2f82371ff	2026-06-17T16:15:03.4897350+00:00	2026-06-17T16:15:08.9406360+00:00	2026-06-17T16:25:29.9156340+00:00	2026-06-17T16:25:29.9156340+00:00	Matched	data_api_current_position_reconciled	gamma_resolved_metadata	0x6c897f7a9265fcc30f24e21a30dbac61850864a35565196b1c229320fccb3cc0	Down	0.54	5.5599	3.002346	0	-3.002346	False	Up	GTD	False
5125b61e-7beb-4b6b-bedb-1486e53d3d76	2026-06-16T17:15:00.1897010+00:00	2026-06-16T17:15:09.1937730+00:00	2026-06-16T17:25:27.5096670+00:00	2026-06-16T17:25:27.5096670+00:00	Matched	matched	gamma_resolved_metadata	0xbbc6ff74fa8485c58b547f56e8a5085ab069f895f3cce1dc16e6cd32b9ddbf99	Down	0.54	5.56	3.0024	0	-3.0024	False	Up	GTD	False
55c51ebe-52cd-4393-85ae-5fa55c5bc61b	2026-06-16T02:45:01.5596330+00:00	2026-06-16T02:45:07.2637110+00:00	2026-06-16T02:55:30.7519660+00:00	2026-06-16T02:55:30.7519660+00:00	Matched	matched	gamma_resolved_metadata	0x23aba44e02c4b5795630142fd3b6f3d6b659571458b16986dafe5a88a10afa9f	Down	0.47	6.39	3.0033	0	-3.0033	False	Up	GTD	False
72a65477-68da-4204-a2a9-58fc7b7d45aa	2026-06-16T13:40:02.7651730+00:00	2026-06-16T13:40:17.5705640+00:00	2026-06-16T13:48:26.2245240+00:00	2026-06-16T13:48:26.2245240+00:00	Matched	data_api_current_position_reconciled	gamma_resolved_metadata	0xf1b190af9de1d158eb1cdb2705454e5871c53a7afef2ad6769b940c4c8b7920e	Down	0.49	6.13	3.0037	0	-3.0037	False	Up	GTD	False
9a298c91-a0f0-409a-8c90-626bf8c9dbf8	2026-06-17T12:41:48.3511480+00:00	2026-06-17T12:41:57.2972690+00:00	2026-06-17T12:47:08.2892540+00:00	2026-06-17T12:47:08.2892540+00:00	Matched	data_api_current_position_reconciled	gamma_resolved_metadata	0x3aecd99e110cc970501acb926fe0dd3f6f15a9a1e5c5dd9ae2c094089b265f95	Down	0.46	6.53	3.0038	0	-3.0038	False	Up	GTD	False
9ab6c1ec-ed8c-4074-8b0c-486ce294b729	2026-06-16T23:30:18.0537910+00:00	2026-06-16T23:30:24.3101300+00:00	2026-06-17T01:32:58.1246250+00:00	2026-06-17T01:32:58.1246250+00:00	Matched	matched	gamma_resolved_metadata	0x28cfb7f87557b55e31741a3318d2a768c97a328900f35c7a892c4c38094b989b	Down	0.51	5.89	3.0039	0	-3.0039	False	Up	GTD	False
0b938eb2-08d5-4131-8645-b0964c76d7e6	2026-06-16T05:21:14.1121310+00:00	2026-06-16T05:21:26.7780120+00:00	2026-06-16T05:26:34.5197020+00:00	2026-06-16T05:26:34.5197020+00:00	Matched	matched	gamma_resolved_metadata	0x8055c603f9d81f99fd29a27a07d0fab4c9d67f672b27b8190cdad51f42435a64	Down	0.51	5.89	3.0039	0	-3.0039	False	Up	GTD	False
4feab29a-2797-4671-9486-01eaa7c85cfe	2026-06-16T03:08:23.5216560+00:00	2026-06-16T03:08:32.5387980+00:00	2026-06-16T03:12:38.8266010+00:00	2026-06-16T03:12:38.8266010+00:00	Matched	matched	gamma_resolved_metadata	0x5f0289c489203a3eeaae395c45309657f49ff468caf08c4a47252132edcaf728	Down	0.51	5.89	3.0039	0	-3.0039	False	Up	GTD	False
789d3048-3446-4e01-9c95-6d149683d588	2026-06-17T15:40:05.7094070+00:00	2026-06-17T15:40:10.4765010+00:00	2026-06-17T15:49:31.8090770+00:00	2026-06-17T15:49:31.8090770+00:00	Matched	matched	gamma_resolved_metadata	0x8dfef3fc759f82cc9fe6c7f9077f9b7a6736c9ff27b4cc457f0a1d50d9ac1db4	Down	0.53	5.67	3.0051	0	-3.0051	False	Up	GTD	False
91ce4eea-0340-42e7-b7ee-15ba81ed6768	2026-06-17T09:25:07.0296200+00:00	2026-06-17T09:25:12.9161700+00:00	2026-06-17T09:35:36.7445510+00:00	2026-06-17T09:35:36.7445510+00:00	Matched	matched	gamma_resolved_metadata	0x145f20d399f0083652cef4f34ee1b1663150eca19fd054e2cf5be3e678f1b619	Down	0.53	5.67	3.0051	0	-3.0051	False	Up	GTD	False
421ded0a-4f6a-4b51-8f33-47578efec62c	2026-06-17T05:40:07.6095850+00:00	2026-06-17T05:40:11.6876180+00:00	2026-06-17T05:50:30.8851120+00:00	2026-06-17T05:50:30.8851120+00:00	Matched	matched	gamma_resolved_metadata	0x5ae0de875d23f272f4a451503e8eac5269335c7c970b8e745a201ed408aeba9d	Down	0.53	5.67	3.0051	0	-3.0051	False	Up	GTD	False
4c079ae0-8517-4b5f-a1d4-623570738a57	2026-06-17T05:35:15.2404090+00:00	2026-06-17T05:35:30.0660650+00:00	2026-06-17T05:41:59.9537500+00:00	2026-06-17T05:41:59.9537500+00:00	Matched	data_api_current_position_reconciled	gamma_resolved_metadata	0x94a79726f3bd11d74da4ab065df4fb55c8c844d88c93892a158c37fdb6acb2a6	Down	0.61	6.5482	3.994402	0	-3.994402	False	Up	GTD	False
0078d552-e56b-4a85-9fdf-b57f028df18d	2026-06-17T15:35:03.2974590+00:00	2026-06-17T15:35:14.8262830+00:00	2026-06-17T15:45:43.9447770+00:00	2026-06-17T15:45:43.9447770+00:00	Matched	data_api_current_position_reconciled	gamma_resolved_metadata	0x8a73d909512ec47765789b03f93a28e046640790607857a838b26a94f98707ab	Down	0.58	6.9	4.002	0	-4.002	False	Up	GTD	False
15b06372-ccce-4173-8d24-9bfe2b0b5b8f	2026-06-17T15:45:06.3184120+00:00	2026-06-17T15:45:12.3162200+00:00	2026-06-17T15:51:57.6501920+00:00	2026-06-17T15:51:57.6501920+00:00	Matched	data_api_current_position_reconciled	gamma_resolved_metadata	0x7356b20b568421b052675279da28c893160883d129cd5a226a131ed1ff4a017c	Down	0.55	7.28	4.004	0	-4.004	False	Up	GTD	False
17ae6726-ec11-4298-bd26-01ed5c069264	2026-06-17T13:41:17.7022700+00:00	2026-06-17T13:41:23.7389100+00:00	2026-06-17T13:49:38.4654270+00:00	2026-06-17T13:49:38.4654270+00:00	Matched	matched	gamma_resolved_metadata	0xaa605877de7cbcc47a475636b179cb4fd06e4a07a21a2f03030f886d0048d6f1	Down	0.56	7.15	4.004	0	-4.004	False	Up	GTD	False
bc4aa84e-0a7a-48ae-a41b-62400718c8f7	2026-06-16T21:45:29.1858470+00:00	2026-06-16T21:45:52.7536220+00:00	2026-06-17T00:20:45.1212490+00:00	2026-06-17T00:20:45.1212490+00:00	Matched	data_api_current_position_reconciled	gamma_resolved_metadata	0x14fff51a5525018876e2fe7a09fd2e67280e940b1d62a74cbc187d6c9f704076	Down	0.65	6.16	4.004	0	-4.004	False	Up	GTD	False
7e73f48b-2f7d-4f65-93ee-6d6c341caffb	2026-06-16T16:40:01.2725190+00:00	2026-06-16T16:40:52.1021980+00:00	2026-06-16T16:48:19.7004420+00:00	2026-06-16T16:48:19.7004420+00:00	Matched	data_api_current_position_reconciled	gamma_resolved_metadata	0x70640ee48e435eca80f3720db9f6883b5fa66b70cfdb6f917f652bdc2d332532	Down	0.65	6.16	4.004	0	-4.004	False	Up	GTD	False
42f98819-bf5c-4621-b5b4-c8784a9ab4c5	2026-06-16T10:25:02.5880700+00:00	2026-06-16T10:25:09.6374040+00:00	2026-06-16T10:35:19.7006270+00:00	2026-06-16T10:35:19.7006270+00:00	Matched	matched	gamma_resolved_metadata	0xe26cfbbaa204fc6d9e03ebe0fdf508142791eec9418852d80f7d9230d5ae2da9	Down	0.56	7.15	4.004	0	-4.004	False	Up	GTD	False
886a5986-f86f-434f-a4a8-79018fd7a181	2026-06-16T06:10:01.6096280+00:00	2026-06-16T06:10:14.7641380+00:00	2026-06-16T06:20:25.7237920+00:00	2026-06-16T06:20:25.7237920+00:00	Matched	matched	gamma_resolved_metadata	0x826b4e79ec97cacefe2c4aad0910ec57a9385504b5c5a8d11e89ea91c91360e7	Down	0.65	6.16	4.004	0	-4.004	False	Up	GTD	False
c5161900-609b-436b-b131-4d4580ac43e6	2026-06-17T05:30:49.6447390+00:00	2026-06-17T05:30:55.7252220+00:00	2026-06-17T05:38:21.4164930+00:00	2026-06-17T05:38:21.4164930+00:00	Matched	data_api_current_position_reconciled	gamma_resolved_metadata	0xef0b6af4b7814a98ce7df10f3ee62a1d1ca048def396785be279b812163e0215	Down	0.68	5.89	4.0052	0	-4.0052	False	Up	GTD	False
becba383-b957-4967-bb82-a620787ba761	2026-06-17T13:31:55.6811540+00:00	2026-06-17T13:32:08.5709230+00:00	2026-06-17T13:37:19.1576550+00:00	2026-06-17T13:37:19.1576550+00:00	Matched	matched	gamma_resolved_metadata	0xcbeaa8fbc43866f58c8dafaefe2c5e34e1cba0cfd758403f8d9947e56cebb1b4	Down	0.75	6.67	4.1354	0	-4.1354	False	Up	GTD	False
cb953f95-2538-4abf-8c5b-9be717a66346	2026-06-17T09:21:30.1675000+00:00	2026-06-17T09:21:37.7254190+00:00	2026-06-17T09:27:50.7224400+00:00	2026-06-17T09:27:50.7224400+00:00	Matched	data_api_current_position_reconciled	gamma_resolved_metadata	0x85d7cc81696654e4a6d9f2b7379dac93b3237ee61dd3c114cc3166818e65872f	Down	0.85	5.89	5.0065	0	-5.0065	False	Up	GTD	False
